"ResponseId","country","hate_definition","hate_definition_cleaned"
"R_21h5UwBw1M79yxM","tur","Hakaret aşağılama kin içeren kelimeler","Words containing insult, humiliation and hatred"
"R_1k1wJIdtEyN5vBx","tur","Açık küfür, şahıs gözeterek aşağılama, fikirden çok fiziğe (kişiye) saldırı","Open swearing, personal insult, attack on physics (person) rather than ideas"
"R_3lRctDAbDZBrOvf","tur","Irkçı cinsiyetçi evrensel ilkeleri etik değerleri aşağılayan söylemler","Discourses that are racist, sexist, degrading universal principles and ethical values"
"R_2CrHBB2eWJjAD6u","tur","Kendisi gibi olmayan veya düşünmeyenlere yaşama şansı vermeyen herkes nefret söylemi suçu işler","Anyone who does not give a chance to life to those who are not like him or who do not think like him commits the crime of hate speech."
"R_2SApdMFtIsEO1zb","tur","İnsanların kişilik ve benliklerini zedeleyen hersey","Anything that damages people&#39;s personalities and identities"
"R_3sBnrQeKoSJsvsC","tur","Bir zümreyi hedef alan, eylem yapılmasını isteyen söylem","Discourse that targets a group and calls for action"
"R_110Y8l0Q250XyA0","tur","Bana pis TÜRK DERSE.","IF HE CALLS ME A DIRTY TURKISH."
"R_21FgUu00zbBEmW8","tur","Din,dil ırk ve cinsiyete belli bir kitleye hakaret.","Insulting a certain group of people based on religion, language, race or gender."
"R_cZ5fTSnHs69FYqZ","tur","Kişinin hak ve özgurlugune her şekilde her türlü dusuncesizce yapılan hakaret ve yaptırım çabası..","Any kind of thoughtless insult and sanction effort against a person&#39;s rights and freedom."
"R_UuP3tfM2G7DTt73","tur","Çok kötü","Too bad"
"R_3HBJMQBGuQn9J4h","tur","Tüm aşırı Radikal fikirler düşünceler ve inançlar","All extreme Radical ideas thoughts and beliefs"
"R_PCygKLlW5Q2tZYd","tur","Dil, din, ırk, cinsiyet, sosyal konumlarını aşağılamak nefret söylemidir.","Insulting language, religion, race, gender and social position is hate speech."
"R_73NqUl195z7zlXH","tur","Karşınızdakinin de bir insan olduğunu düşünmeden yapılan söylemlerdir.","These are statements made without considering that the other person is also a human."
"R_OPvjdeVqsVrHm81","tur","Fikir ayrılıkları","Disagreements"
"R_1oniH9mLEzeQpvP","tur"," Kendisinden farklı olana yöneltilen her türlü hakaret, hedef gösterme, taciz söylemi vb."," All kinds of insults, targeting, harassment speech, etc. directed at those who are different from themselves."
"R_Brmq5xmsjUGoYZH","tur","Bölücülük yapmak","to cause division"
"R_2EGdmiQWOGSN0xW","tur","Irkçı soylemler","Racist remarks"
"R_08u4SbBFiq6ImPf","tur","psikolojik siddet iceren her turlu aktivite, nefret soylemi olarak degerlendirilebilir.","Any activity involving psychological violence can be considered as hate speech."
"R_10u9vLJtbsye1b0","tur","Her türlü ırk, renk, dil, din, mezhep, bölge ve cins ayrımcılığı yapmak nefret söylemidir.","Discrimination of any kind based on race, colour, language, religion, sect, region or gender is hate speech."
"R_308KdHHTetR4MrY","tur","Din dil ırk","Religion, language, race"
"R_1Ngk7Iy0Rd7cn1D","tur","Küfür, hakaret ve karşıdaki kişiye nefret edildiğini hissettirecek her şey","Swearing, insults and anything that makes the other person feel hated"
"R_12sZgt3irJU1ewQ","tur","Irk, renk dil din ve cinsiyete karşı yapılan aşağılamalar,  hakaretler ve suçlamalar","Insults, insults and accusations against race, color, language, religion and gender"
"R_3kvSXt5QZ4oX9hG","tur","hakaret, bir görüşü düşünmeden tamamen düşmanca yanıtlamak","insult, respond to an opinion with complete hostility without thinking about it"
"R_Z9msi50DndCMg7f","tur","Belirli bir ırk,dil,din ve mezhep düşmanlığı içeren sözler söylemek nefret söylemidir.","Saying words that contain hostility towards a particular race, language, religion or sect is hate speech."
"R_1ohEzGPSqoihe2p","tur","Saldırgan olmayan fikirlerini yanjış da olsa söyleyebilmelidir.","He/she should be able to express non-aggressive opinions, even if they are wrong."
"R_enDatntiMTxwUyR","tur","Din, mezhep, ırk, renk, milliyet konuları","Religion, sect, race, color, nationality issues"
"R_3nMiRP86CzietAP","tur","Birilerine veya birşeylere kötü sözler, küfürler vb. gibi şeyler çok iğrenç şeyler.","Bad words, swear words, etc. to someone or something. Things like this are very disgusting."
"R_3JLBsQ1vR2gH3IO","tur","Hakaret'tehdit ,kufur ve siyasal dusunceye baski insani asaliyann soylemler","Insults, threats, swearing and oppression of political thought are discourses that intimidate people."
"R_2Yb5CGz3fKRohQX","tur","başka bir canlıya karşı her türlü kötü söylem","any kind of bad language towards another living being"
"R_4UXC8jcJi1BG6PL","tur","Irkçı söylemler.Aşağılayan söylemler.Hakaret.Homofobik,küfürlü söylemler.","Racist statements. Humiliating statements. Insults. Homophobic, abusive statements."
"R_1jAFf6JxkcjGcNo","tur","Konuya bağlı","depends on the topic"
"R_3FIEhwMBcNhRZpz","tur","İnsanlık suçu olarak goruyorum","I see it as a crime against humanity"
"R_3pm1LZvs6uwDzfu","tur","Yaşam sekline ve düşunceye mudahele.","Interference with lifestyle and thought."
"R_31n2IoOpAvHGrtV","tur","Kişi kendisine saldırı hissederse kötü hissederse aşağılanmış hissederse nefret söylemidir","If the person feels attacked, feels bad, feels humiliated, it is hate speech."
"R_3HozvTcERl2zbxj","tur","Kişinin sağlığına direk tehtid oluşturan unsurlar.","Elements that pose a direct threat to a person&#39;s health."
"R_TsVAKApTETfG5xL","tur","Bir grubu aşağılayıcı ve yaralayıcı söylemler.","Discourses that are degrading and hurtful to a group."
"R_afQTd8aj6KWYLUR","tur","görünüş ve görüşlere hakaret","insult to appearance and views"
"R_3hGaK1BCD7cGOAl","tur","Eğitimsiz kişilerin tüm söylemleri Nefret içerikli","All speeches of uneducated people contain hate content"
"R_1FbMPa19gnpnXOz","tur","Irka ve dine , şahsa karşı nefret ifadeleri.","Expressions of hatred against race, religion, and individuals."
"R_3lDlrVRKrFc9vgm","tur","Hakaret aşağılama ve zorbalık içeren herşey nefret içerir","Anything that involves insults, humiliation and bullying constitutes hatred."
"R_3qZDDUedJaPHSja","tur","nefretle söylenen her şey","everything said with hate"
"R_enyFQkjcJr6GW2J","tur","Hakaret ve aşağılama nefret söylemidir.","Insult and humiliation are hate speech."
"R_27ePzC9SwwpYsBp","tur","Bilmiyorum","I don&#39;t know"
"R_rr7bclgEWV4SQbn","tur","İnsanlık  dışı","Inhuman"
"R_A7CTwgqBxllViLL","tur","Temel yaşam haklarına aykırı güçlü saldırgan fikirler","Strong offensive ideas that violate fundamental rights to life"
"R_2wdE1WO6yLjsY78","tur","Siyasal kültürel felsefi anlamda ayrıksı grupları taciz ve tehdit","Harassing and threatening exceptional groups in political, cultural and philosophical terms"
"R_2CPyGZOe1pp2bFy","tur","Kişileri ruhsal olarak yaralayan şeyleri nefret söylemi olarak görüyorum","I see things that hurt people psychologically as hate speech."
"R_yUqqih34vO55Q4h","tur","Hakli Bir topluma karşı olan büyük  nefret.","Justified: Great hatred towards a society."
"R_2WNZj2XkNEpHWmg","tur","NEFRET SÖYLEMLERİ: HAKLI DAYANAKLARI VARSA; YERİ GELDİĞİNDE, ÖZGŪRCE DİLE GETİRİLMELİDİR.","HATE SPEECH: IF THEY ARE JUSTIFIED; WHEN APPROPRIATE, IT SHOULD BE EXPRESSED FREELY."
"R_2S6NI69nGpqGiso","tur","Nefret söylemine müsaade edilmemelidir.","Hate speech should not be allowed."
"R_3OlhwQIm2dHNiMT","tur","Fikir düşünce ve kişi hürriyetini kısıtlayıcı, karşı tarafın düşüncesine saygı duymayan barbar insan zihniyeti. Kendini geliştirmemiz toplum yapısı. Tahammülsüzlük.","A barbaric human mentality that restricts the freedom of thought and person and does not respect the other party&#39;s opinion. Self-improvement is the social structure. Intolerance."
"R_1F3WJ0GkQ3dgDO3","tur","Nefret söylemi başkalarını digerierine karşı nefret oluşturmak için bilinçli yapılan her tür davranış","Hate speech is any behavior done consciously to create hatred towards others."
"R_1oGCpkhCPJxGVnb","tur","Belirli bir dini, etnik, politik gruba, bir cinse, cinsel yönelime karşı hakaret ve ayrımcılık içeren, şiddeti ve ayrımcılığı körükleyen söz ve davranışlar. Kişiye değil, insanlığa karşı işlenen suçlar olduğunu, bu nedenle düşünce özgürlüğü kapsamında değerlendirilemeyeceğini düşünüyorum. Irkçılık gibi, homofobi gibi.","Words and behaviors that insult and discriminate against a certain religious, ethnic, political group, gender or sexual orientation, and that incite violence and discrimination. I think that these are crimes against humanity, not individuals, and therefore cannot be considered within the scope of freedom of thought. Like racism, like homophobia."
"R_23VkRqQrbge1Q65","tur","Bütün etnik kökenlere, derilerinin renklerine, farklı inanışlara, kendi halkına (muhaliflerine) karşı yapılan söylemler nefret söylemidir ve cezalandırılmalıdır.","Speech against all ethnicities, skin colors, different beliefs, and one&#39;s own people (opponents) is hate speech and must be punished."
"R_3QFUjetqLycV9ja","tur","Hakaret veya tehdit içeren söylemler. Irk, cinsiyet, din, dil, görünüş konusunda ayrımcılık içeren, ötekileştirdiği kesime şiddet uygulanmasını teşvik eden, küfür içeren, rencide edici saldırgan ifadeler.","Insulting or threatening statements. Offending and offensive expressions that discriminate against race, gender, religion, language or appearance, encourage violence against marginalized groups, contain profanities."
"R_8oHe8a6PbKFxUaJ","tur","karşısındaki insana düşmanca davranış veya düşmanlık ifade eden sözlerin söylenmesi, aşağılama, kötüleme gibi","Hostile behavior towards the other person or uttering words expressing hostility, humiliation, denigration, etc."
"R_2D2NFz6P9BdXxQA","tur","Belirli bir toplumsal grubu özellikle halihazırda marjinalize edilmiş azınlıkların can ve mal güvenliğini tehdit edebilecek söylem ve yorumlar.","Discourses and comments that may threaten the life and property security of a particular social group, especially already marginalized minorities."
"R_Cfy6wbF9aHmAaLn","tur","İnsanların benliğini ve kendine olan güvenini kaybettiren şeydir nefret söylemi. Herkes farklı fikirde elbette olacaktır ama iş bunlara saygı duymaktadır","Hate speech is what makes people lose their identity and self-confidence. Of course, everyone will have different opinions, but the business respects them."
"R_2Tt7KEPL4rHFfQS","tur","Gürültü bir nefret söylemidir. 
Akışa ters olan, düzeni bozan şey(ler) nefret söylemidir. 
Fıtrata ters olan nefret söylemidir. 
(Misallerle daha iyi anlayacağınız kanaatindeyim. Bu yüzden böyle anlatmak istedim.)","Noise is hate speech. Anything that goes against the flow and disrupts the order is hate speech. It is hate speech that is contrary to nature. (I think you will understand it better with examples. That&#39;s why I wanted to explain it this way.)"
"R_3qk83XUXbkxTU8S","tur","Kişileri ayrıştırıcı ve  küçük düşürücü sözler hakaret etme. Ve milli ve manevi değerlere saygısızlık","Do not insult people with discriminatory or humiliating words. And disrespect to national and moral values"
"R_2scndRIFAGfs1Sq","tur","Küfür, aşağılama yoksa eleştirmekte herkes özgür. Veya eleştirilen kesim veya şey cidden suçlu veya suçunu bile bile yapan biriyse o kişiye istenilen söylenebilir.","If there is no swearing or insulting, everyone is free to criticise. Or, if the person or thing being criticized is seriously guilty or someone who knowingly committed the crime, that person can be told whatever he wants."
"R_BKu8DhYxGrvTMZz","tur","Nefret söylemi paylaşımda bulunsnların ya da egemenlerin kışkırtıcı, saldırgan veya küçümseyici tavırlarından ileri gelmektedir.","Hate speech arises from the provocative, aggressive or condescending attitudes of those who share it or those in power."
"R_qOxc5cbSOhqDI4h","tur","Bir gruba ya da kişiye, cinsel yönelimi ya da ırkı nedeniyle hedef göstererek ve doğrudan şiddet çağrısında bulunma.","Targeting a group or person because of their sexual orientation or race and directly calling for violence."
"R_2frjvLM0pFSb9MX","tur","Sahip olduğu statü nedeniyle (etnik, dini, davranış özgürlüğü, ekonomik durum, eğitim) aşağılamak, hakaret etmek, küfür, tehdit, ötekileştirmek nefret söylemidir.","Insulting, insulting, swearing, threatening, or marginalizing people because of their status (ethnic, religious, freedom of behavior, economic situation, education) is hate speech."
"R_3qIJw2ebabLz6Bc","tur","Bir kişi, ırk, soy ,grup için yok etmek, şiddete yönlendirmek, kişi yada kişilerin fiziksel, maddi ve manen zarar vermek istemesi","Wanting to destroy a person, race, lineage or group, directing them to violence, or causing physical, material and moral harm to a person or people"
"R_1hAuk7FBPGbfZ57","tur","Bir grubu tehdit ve grubun yaşamına müdahale içeren, bu gruba yönelik toplu reaksiyonu tetikleyecek nitelikte olup söz konusu grubun insan haklarını ve özgürlüklerini tehlikeye atabilecek her türlü söz, eylem ve davranışlar nefret söylemidir. Herkes birbirinin fikir ve görüşlerine saygı göstermelidir. Ancak kendisini koruyamayacak durumda olan bireyleri, grupları tehlikeye atan ve onlara karşı müdahale çağrısı içeren her türlü söz, eylem ve davranış otoritelerce kontrol altında tutulmak zorundadır. Yani mesela yasal olarak çocuk yaşta evliliği yasaklayıp sonra da siyasal çıkarlar için çocuğa tecavüzü meşru gösterenlere destek veremezsiniz çünkü çocuk kendisini koruyamaz. Ya da İstanbul'un göbeğinde LGBTQ karşıtı nefret yürüyüşü örgütlenmesine izin veremezsiniz çünkü bu grubun kendi kendini koruma gücü sınırlıdır. Başkasının varlığına, yaşamına, özgürlüklerine müdahale/yasaklama/cezalandırma içeren tüm söz, eylem ve davranışlar nefret söylemidir. Ben türbanlı kadını başını açmaya zorlayacak söylem ve eylem göstermiyorsam o da benim yaşam biçimime müdahale edecek bir söylem veya eylem göstermeyecektir. Beğenmeyebilir, eleştirebilir ama bana zorla başımı örtmemi sağlamayı amaçlayan baskı oluşturacak bir söylem, eylem tamamen nefret içeriklidir. Herkes yek diğerinin hakkına saygı göstermelidir.","All kinds of words, actions and behaviors that threaten a group and interfere with the group&#39;s life, that will trigger a collective reaction against this group, and that may endanger the human rights and freedoms of the group in question are hate speech. Everyone should respect each other&#39;s ideas and opinions. However, all kinds of words, actions and behaviors that endanger individuals or groups who are unable to protect themselves and call for intervention against them must be kept under control by the authorities. So, for example, you cannot legally ban child marriage and then support those who legitimize child rape for political gains because the child cannot protect himself. Or you cannot allow the organization of an anti-LGBTQ hate march in the heart of Istanbul because this group has limited power to protect itself. All words, actions and behaviors that involve interfering with/prohibiting/punishing someone else&#39;s existence, life and freedom are hate speech. If I do not show any discourse or action that will force the veiled woman to uncover her head, she will not show any discourse or action that will interfere with my way of life. He may not like it, he may criticize it, but any discourse or action that will put pressure on me and force me to cover my head is completely hateful. Everyone should respect each other&#39;s rights."
"R_1pmqh3DviXha5E3","tur","Karşıdaki her hangi bir şeye karşı belirli kelimeleriyle ve ya ifadeleriyle rahatsız hissettiriyorsa bu bir nefret söylemidir çünkü karşıda ki kim ve ne olursa olsun fikir özgürlüğüne sahiptir ona fikirlerinden ve ya görünüş tarzı şeyler saldırmak bunların hepsi nefret söylemidir","If someone makes the other person feel uncomfortable with certain words or expressions towards anything, this is hate speech because the other person has freedom of opinion no matter who and what they are. Attacking them with their ideas or appearance, all of these are hate speech."
"R_3gSjlHExUsaJ0UJ","tur","Kadını objeleştirmek tacize uğramasını hakettiğini savunmak. Farklılıkları kabul etmeyip insanları kendi kalıplarına sokarak hakaret etmek","Objectifying women and arguing that they deserve to be harassed. Insulting people by not accepting their differences and putting them into their own stereotypes"
"R_Xk0HGUnXruw0Q93","tur","Yönlendirilen eleştiri hedef kişi veya kitlenin değişmesi imkansız özellik ve aslına dairse nefret söylemi kapsamında telakki edilebilir
Nefret söylemi olmayan saldırgan üslup görüş açıklama kapsamında olsa bile tartismayi noktalayan bir uctaysa yani yanıt verilmesi mümkün değilse engellenebilir","If the criticism directed towards the target person or group is of a character and nature that is impossible to change, it can be considered within the scope of hate speech. Even if the aggressive tone that is not hate speech is within the scope of expressing an opinion, it can be blocked if it is at an end that ends the discussion, that is, if it is not possible to respond."
"R_1C7MT9aMedKejzx","tur","İnsanlar birbirlerine saygılı olmalı, fikirlerini özgürce ifade edebilmeli. Etnik kimlikleri yüzünden ayıplanmamalı. Dini inançlarına hakaret edilmemeli.","People should respect each other and express their opinions freely. They should not be shamed because of their ethnic identity. Their religious beliefs should not be insulted."
"R_1q32puFXPFbcixL","tur","Nefret söylemi ve nefret suçu kavramlarının sürekli birbirleriyle karıştırıldığını düşünüyorum. Nefret söylemi, doğrudan ve gerçekleşmesi olasılığı bulunan şiddete yönlendirmediği sürece, serbest olmalıdır. Ne zaman ki şiddete doğrudan yönlendirme gerçekleşir ve gerçekten bir nefret suçu işlenmesi riski doğar, işte ancak o zaman bunun bir cezası olabilir.","I think the concepts of hate speech and hate crime are constantly confused with each other. Hate speech should be allowed as long as it does not lead to direct and imminent violence. When direct incitement to violence occurs and there is a real risk of committing a hate crime, only then can there be a punishment for this."
"R_3fuzAOIcWsTRk2n","tur","Birey, topluluk, inanç ve başka bir kişi ya da toplulukların özgürlüğüne zarar verici, hakaret edici, küçük düşürücü, eleştirel maske altında tehdit edici söylem ya da tutum.","A discourse or attitude that harms the freedom of an individual, community, belief or another person or group, is insulting, humiliating and threatening under a critical mask."
"R_3sAD7H6SQNJ1M9B","tur","İnancından, siyasi düşüncesinden, renginden, ırkından dolayı elimine edilme çabası nefret söylemidir.","The effort to eliminate people because of their belief, political opinion, color or race is hate speech."
"R_6PSaPB9G9LEqIbn","tur","Aslında genel geçer etik ve insan hakları kapsamında ne nefret söylemi olarak kabul ediliyorsa onlar nefret soylemidir, bu konuda insan hakları yasalarının ve etik degerlerin yeterince geliştiğini düşünüyorum. Bunlar dikkate alınsa yeterli, insanların nefret söylemi konusundaki fikirleri bence çok önemli değil.","In fact, whatever is accepted as hate speech within the scope of general ethics and human rights is hate speech. I think that human rights laws and ethical values are sufficiently developed in this regard. These are enough to take into consideration, I think people&#39;s opinions about hate speech are not very important."
"R_1dzYVb7OIUJUXLb","tur","Muhatabını, korkutan, şüphe uyandıran, tehdit eden her türlü hakaret, aşağılama, küfür ve tehdit nefret söylemidir.","Any insult, humiliation, swearing or threat that frightens, raises suspicion or threatens the addressee is hate speech."
"R_3lFTpWB1rla9AUf","tur","Başkasının tercihlerini saygıyla karşılayamayıp kendisine direkt olarak bir etkisi olmadığı halde o tercihleri zorla değiştirme konusunda o kişiye zarar verici aksiyon almak üzerine söylemler. Sonunda yapabileceği hiç birşey olmasa da bunun sözle dahi olsa söylenmesi.","Discourses about not being able to respect someone else&#39;s preferences and taking harmful action to force that person to change those preferences even though it has no direct impact on them. In the end, even though there is nothing he can do, he is told this even verbally."
"R_2c59RKvw056NpBF","tur","Sadece kendi çıkarlarını göz önünde bulundurarak kendinden başka hiçkimseyi önemsemeyerek davranmak , konuşmak , yazmak.","Acting, speaking, writing, considering only one&#39;s own interests and disregarding anyone but oneself."
"R_2tEgriIpgQ9TRAu","tur","Nefret söylemi uydurma bir kavramdır. Yetişkin hayata adapte olamayan, kaçınılmaz şekilde karşılaşılacak zorbalarla mücadele etmekten korkan, eleştiri ile yüzleşemeyen, zayıf karakterli, yetişkin bedenindeki çocukların uydurmasıdır. Hayat adil değildir, ve toplum içinde yaşama belli oranda adapte olmak insan ırkı olarak hepimizin zorunluluğudur. Zorluklarla yüzleşmek ve mücadele etmek kişinin kendi sorumluluğudur ve gelişiminin bir parçasıdır.","Hate speech is a made-up concept. It is a fabrication of children with weak characters and adult bodies who cannot adapt to adult life, are afraid of fighting against the bullies they will inevitably encounter, and cannot face criticism. Life is not fair, and it is our obligation as the human race to adapt to life in society to a certain extent. Facing and struggling with difficulties is one&#39;s own responsibility and is part of one&#39;s development."
"R_12MsYCS5MA6sqCb","tur","Kişilerin fikir veya sahip oldukları özellikleri veya dahil olduğu toplulukları hor görmek, küçümsemek, aşağılamak","To belittle, despise, belittle people&#39;s ideas or characteristics, or the communities they belong to."
"R_AGm1LIGHGikAMwx","tur","Küfür dinlere saldırmak dillere saldırmak hakaret ler kadınlara karşı küfür ayrımcılık cinsiyet ayrımcılığı butur şeyler.","Blasphemy, attacking religions, attacking languages, insults, swearing against women, discrimination against women, gender discrimination, etc."
"R_BXMemh8TvChqGJP","tur","Gerçekleşen her kötü olayın müsebbibi kimse o kişiyi birey olarak ele almayan bir gruba ait sayan ve genelleme yapan her cümle nefret soylemidir.","Any sentence that generalizes and considers the person responsible for every bad event to belong to a group that does not consider that person as an individual is a hate speech."
"R_2q8nrgBsfQcrj4C","tur","Gerçek anlamda, kişilik haklarını, ifade özgürlüğünü, kendini ifade etme hakkını elinden alan her türlü çirkin, aşağılayıcı, saldırgan, psikolojik, fiziksel, rahatsızlık veren söylemler bence nefret söylemi.","In real terms, I think all kinds of ugly, humiliating, aggressive, psychological, physical and disturbing speeches that take away personal rights, freedom of expression and the right to express oneself are hate speech."
"R_27ImuVFuA4HiDQW","tur","Din Irk Mezhep gibi seçimlere karşı aşağılayıcı sözler söylenmesidir. Ayrıca insanların değiştiremeyeceği fiziksel özellikleri ile alakalı da kötü sözler söylenmesidir.","It means saying derogatory words against elections such as religion, race, sect. In addition, bad things are said about people&#39;s physical characteristics that they cannot change."
"R_vp1krhYOgqsxXpf","tur","Yaşam ve huzur hakkının, varolmayı sürdürme hakkının yok edilmesine yönelik her türlü söylem nefret söylemi sayılabilir","Any speech aimed at destroying the right to life and peace and the right to continue to exist can be considered hate speech."
"R_OfhKehqMxfAtjmF","tur","Belli bir kesimi tehdit eden, küçük gören, aşağılayan, saldırgan, başkalarını kışkırtabilecek ve hakaret içeren söylemler.","Speech that threatens, belittles, humiliates, is offensive to a certain group of people, may provoke others, and contains insults."
"R_2pLy6FVyAzGPM6h","tur","İnsanların inançlarına, ırkına, cinsiyetine veya herhangi bir değerine somut veya soyut yapılan her şey kötüdür.","Anything concrete or abstract that affects people&#39;s beliefs, race, gender or any other value is bad."
"R_2ttF2OvLXAsbGor","tur","Bir kaç yıl sonra dinler tamamen bitecek ve bu asalak dincilerden tamamen kurtulacağız çünkü hepsi bok çukurlarına dönmüş olacaklar","In a few years, religions will be completely extinct and we will get rid of these parasitic religious people because they will all turn into shitholes."
"R_1MiTSHngCtdWfPb","tur","Bazı insanları ötekileştirme, onların düşünce, inanç ve yaşama biçimlerini kabul edilemez bularak sindirmeye çalışmak, hakaret etmek, tehdit etmek.","Otherizing some people, trying to intimidate them by finding their thoughts, beliefs and lifestyles unacceptable, insulting and threatening them."
"R_32YoxQhzdiOySHj","tur","Kişisel ve/ veya toplumsal olarak bireylerin ahlaki ve özellikleri konusunda küçük düşürücü alaycı söylemler","Humiliating and sarcastic remarks about individuals&#39; morals and characteristics, personally and/or socially"
"R_OBZKAMwjS6npAFr","tur","Fiziksel ya da ruhsal zarar verme kastıyla, bir kişi ya da topluluğun yaşam hakkını elinden alma amacı taşıyan tüm söylemler.","All statements that aim to deprive a person or group of people&#39;s right to life, with the intention of causing physical or psychological harm."
"R_vv3RvYr5E3CBm3n","tur","Nefret söylemi kendisinin kabul etmediği ve ya karşı çıktığı bir konuda öfkesini belirli bir sınırdan fazla olacak bir şekilde karşısındakine bireysel olarak yansıtmak.","Hate speech is the individual reflection of one&#39;s anger on the other person, beyond a certain limit, on an issue that one does not accept or opposes."
"R_86bLujSBfi8OhGx","tur","bir insanın zarar görmesi hakkında dileklerde bulunmak, ırkı, cinsiyeti gibi durumlardan yargılayıp hakaret etmek.","Wishing for harm to a person, judging and insulting them based on their race or gender."
"R_A5moqxGRloJrkqJ","tur","Herhangi bir kimse tarafından kullanıcı kişi ya da kişilerin haysiyetine zarar gelecek herhangi bir söylemde bulunmak, kişilerin cinsiyet, din ve ırkı üzerinden taciz, istismar vs. kullanımlar ve kişinin hürriyet ve canıyla tehdit edildiği tüm konu veya durumlar nefret söylemidir.","Making any statement by anyone that would harm the dignity of the user or persons, harassment, abuse, etc. based on the gender, religion and race of the user. Any use or situation where a person&#39;s freedom or life is threatened is hate speech."
"R_2ceClEjcXtsraE5","tur","Kişileri, duyguları, düşünceleri, eylemleri, ülkeleri veya kurumları kışkırtıcı aşağılayıcı yada hakaret içerikli söylemleri","Provocative, derogatory or insulting statements about people, feelings, thoughts, actions, countries or institutions"
"R_81bgf63F6JRsW7n","tur","Küfür, Hakaret, Irkçılık, Cinsiyetçilik, Dinlere yönelik saldırganlık, Tehdit, Taciz, Azınlıklara yönelik saldırganlıklar, baskı vb.","Swearing, Insults, Racism, Sexism, Aggression towards Religions, Threats, Harassment, Aggression towards Minorities, oppression, etc."
"R_pGedcUQnom5HcU9","tur","Doğaya, hayvan(lar)a, insana ya da her türden insan topluluğuna açıkça zarar vermeye yönelik plan yapan, organize olma ve eyleme geçme potansiyeli açık olan kişi ve grupların açıklamalarını ve iletişimini nefret söylemi olarak değerlendiriyorum.","I consider the statements and communications of individuals and groups who clearly plan to harm nature, animal(s), humans, or any kind of human community, and who have the potential to organize and take action, as hate speech."
"R_upHJXjcqWMv3S9z","tur","Herkesin kendine özgü fikri var ve başka bir insanın bu fikre katılmaması ve kendince çürütmeye çalışması normal. Ama söylem kişiliğe ve fikre hakaret etmek olmamalı. Tehdit ve şiddet içermemeli.","Everyone has their own opinion and it is normal for another person to disagree with that idea and try to refute it in their own way. But the discourse should not be to insult personality and idea. It should not contain threats or violence."
"R_2QnPc6wbuNQOv2Y","tur","Kisinin ailesine .ırkina.dini inancina veya inançsızlığına. Cinsel terciğine yaplilan hakaretler.nefret söylemidir.","To one&#39;s family, race, religious belief or lack of belief. Insults against one&#39;s sexual preferences are hate speech."
"R_1IMpFgVLqhZlTns","tur","Nefret söylemi, birisini incitebilecek herhangi bir sözdür. Ancak kesinlikle söylenen söz ne kadar ağır olduğu önemli olmaksızın, söyleyen kişi devlet tarafından cezalandırılmamalıdır. (Hapis, para cezası vb.)","Hate speech is any word that could hurt someone. However, no matter how serious the word said, the person who said it should not be punished by the state. (Prison, fine, etc.)"
"R_2Sejce21HOjWyzE","tur","İnsanları inanç, dil ve cinsiyet kimlikleri üzerinden ötekileştirerek yapılan her hakarete nefret söylemi olarak değerlendiririm ...","I consider every insult made by alienating people based on their belief, language and gender identities as hate speech..."
"R_1AFhgXU3o1JgkLv","phl","Dapat mag isip mabuti bago mqgpost ng mga bagay bagay","You should think carefully before mqgposting things"
"R_2QWMGf6pdKt2fvw","phl","Ang hate speech. Ay wla paki.alam kung ano man ang mararamdaman ng ibang tao..","The hate speech. Please don&#39;t know how other people feel.."
"R_1hXSBklREuD0pLJ","phl","Nasa pananalita po iyon,kaya ingatan ang dila para hindi makasakit sa kapwa of kahit saan...","It&#39;s in speech, so take care of your tongue so as not to hurt others or anywhere..."
"R_10IVwpdVUKwgRfq","phl","Kapag ang Isinulat ay masyadong yuuyurak sa isang tao o gtupo ng tao","When what is written is too offensive to a person or group of people"
"R_6x6DdiNsBGlM8U1","phl","Hating on an idea or a person without justification","Hating on an idea or a person without justification"
"R_2ruxTJiActN3OZE","phl","nagbabanta na pumatay","threatening to kill"
"R_3ebguArjKaV9IUN","phl","salita na maaring makasakit sa isang tao ng hindi naman nya deserve","words that can hurt someone who doesn&#39;t deserve it"
"R_3g0pS6Tu5Kou8pq","phl","Parang survey lang at para sa ikakaayos ng social media at ng mga gumagamit sa social media","It&#39;s just like a survey and it&#39;s for social media and social media users"
"R_2tf1wRliZuenT9m","phl","Kapag ang nilalaman nito ay nakaapekto sa isang tao o isang minorya","When its content affects a person or a minority"
"R_3KD64T5yPbJbw04","phl","Kung ito nakakasakit sa damdamin ng tao o nalilibak ang kanyang pagkatao","If it hurts the person&#39;s feelings or ridicules his personality"
"R_1NFlJfFUhblOrWj","phl","Personal na tinitira Ang pagka tao basi sa relehiyon,kasarian Ng Isang tao","Being a person is considered personal based on the religion, gender of a person"
"R_40iADXqRgessrHb","phl","Anything injurius. 
Kahit anong salita na hindi nakalulugod sa Diyos","Anything injurious. Any word that displeases God"
"R_1rjlaPatP1MNs3e","phl","Nag mumura0","Swearing 0"
"R_UcqEuCBp15YHtqV","phl","Yung salitang direktang nagsasaad ng hate sa anumang topic.","The word that directly indicates hate on any topic."
"R_2uqD3JTC6HtvFpT","phl","Na","Already"
"R_2SjlQ5GC0kSbOEe","phl","Pag sobrang mapanakit sa pagkatao ang post.","If the post is too offensive to the character."
"R_vZyYEIZQ67y2I0x","phl","Isang bagay na nakakasama o nakakasakit sa damdamin ng ibang tao.","Something that hurts or hurts other people&#39;s feelings."
"R_1j6zdMF01ng5UJF","phl","Kapag ang pananalita ay direktang nang-aalipusta sa isang grupo ng lipunan","When speech directly offends a social group"
"R_2BfeeO9jEMrqbSU","phl","Report","Report"
"R_1DtZvTp9zwgABVR","phl","Yong nagmumura at pinepersonal ang kausap","The one who curses and takes the other person personally"
"R_bqMgRoTA2CbUPJv","phl","Ang pagdapurak at panglalait sa personalidad ng isa tao,bagay o instutusyon","The rush and defame the personality of a person, thing or institution"
"R_1cYsBoV2YcEzscJ","phl","Educate the public regarding right conduct for public comments in social media","Educate the public regarding right conduct for public comments in social media"
"R_123gcmlDXrwHAfe","phl","Hate speech isang uri ng pagpapahayag na nakakasira ng disposisyon ng Isang tao","Hate speech is a type of expression that destroys the disposition of a person"
"R_21nCdJ4YwzfeTVn","phl","Isang panig na pananaw lamang, masama at negatibo tungo sa ibang tao","Only one sided view, bad and negative towards other people"
"R_2TQR0baElGfyYvj","phl","mga salita na nakakasakit ng damdamin at nakakasira ng dignidad","words that hurt feelings and destroy dignity"
"R_5A6BSMGyOPikHtL","phl","Uri ng pananalita na nagpapahiwatig ng galit o pagkamuhi sa isang pangkat ng tao.","Type of speech that indicates anger or hatred towards a group of people."
"R_3hE1lCvMK2BuwE0","phl","Kung personal ang pag-atake sa kausap, at walang kinalaman sa isyu.","If the attack is personal to the other person, and has nothing to do with the issue."
"R_3GoB6tf8AxjVzMe","phl","Bias may kinikilingan may prinoprotektahan","Bias is biased and protected"
"R_3rSU8kB8sbjQIJY","phl","kapag sinabi o pinost ay nakaksakit na ng tao","when said or posted it hurts people"
"R_sb3AxBF4cvMcEBH","phl","Ang mga nagpopost ng maling impormasyon sa social media","Those who post false information on social media"
"R_2fSL0wC98y0kIlr","phl","Ang hate speech ay natutukoy kung iyo ay nakakasakit na ng damdamin.","Hate speech is determined if you are already hurtful."
"R_Rs5LsOFiFxq3ZwB","phl","Speech that specifically and intentionally targets and aims to hurt peoples weakeness","Speech that specifically and intentionally targets and aims to hurt peoples weakeness"
"R_3LdPDVlzgvKlGOE","phl","Mga komentong may pagbabanta o magmumura laban sa indibidual o grupo.","Threatening or cursing comments against an individual or group."
"R_2dncDDIQTvpOGzF","phl","incites to do harm","incites to do harm"
"R_tEejTCTOwKkW92N","phl","Pag ito ay may pagbabanta na. May pagpatay, may physical na pananakit ang gusto gawin. Gnun.","If this is a threat. There is killing, there is physical harm that you want to do. Mr."
"R_3NzgnQWVH1eTYIh","phl","Tila hindi ko ito maipaliwanag nang maayos sa ngayon. Paumanhin po.","I can&#39;t seem to explain it properly at the moment. Excuse me."
"R_RaxNeVz4PznkMPT","phl","Nah","Now"
"R_3EiJh2AAqm5pdNQ","phl","Hate speech ay mga salitang nakakasama sa kaligtasan o buhay ng mga tao","Hate speech is words that harm the safety or life of people"
"R_1DCI74HSEAHeYUk","phl","Any allegation without factual basis aimed at demoralizing certain individuals or groups","Any allegation without factual basis aimed at demoralizing certain individuals or groups"
"R_3KTpnsbrcj3yZNp","phl","Yung nakaka sakit sa taong pinatutungkulan ng hate speech","The one that hurts the person who is charged with hate speech"
"R_3PAy5H8KBBVBELN","phl","makkasama sa katauhan ng taong pinattungkulan ng hate speech","be with the person of the person charged with hate speech"
"R_1EfV4muWnU45rWS","phl","hate speech is urging people for unreasonable cause","hate speech is urging people for unreasonable cause"
"R_2ZByl3olkGfYLZU","phl","Puri galit ang haye speech","The haye speech is full of anger"
"R_Wj1RCRE7qAbes5r","phl","galit","anger"
"R_10HqkWat9Ckd5Hf","phl","Sagutin ng mahinahon ang mga kasinungalingan.","Answer lies calmly."
"R_2fpUsc2BXwMSZAF","phl","Kapag Hindi na maganda ang nilalaman Ng nakasulat","When the written content is no longer good"
"R_3KuqTBKj1cuW969","phl","Kapag ito ay direktang panlalait.","When it is direct insult."
"R_1lbqX7a72ljnvob","phl","Nakakasakit at nag nang uuri ng opinyon ng mga tao","It&#39;s hurtful and people&#39;s opinions have been classified"
"R_2A0fO48Ejmxf0ba","phl","The way they use the language, harshly stated,foul statement, below the belt statements.","The way they use the language, harshly stated,foul statement, below the belt statements."
"R_338xrwpihiaKJrM","phl","PERSONAL ATTACK INSTEAD OF GIVING AN OPINION BASE ON THE TOPIC","PERSONAL ATTACK INSTEAD OF GIVING AN OPINION BASE ON THE TOPIC"
"R_262QkJ3Ml8hhByz","phl","ang hate speech ay isang malaking bagay lalao na kung ikaw ay pulitiko celebrity or influencer dahil lahat ng post or hate speech na gagawin ay maaring makaapekto sa ideyal n pagiisip ng isang tao","hate speech is a big thing especially if you are a politician, celebrity or influencer because every post or hate speech that is made can affect the ideal of a person&#39;s thinking"
"R_2ccNspbc7VXXOsr","phl","magbitiw ka ng mga salita sa paraang gusto mong marinig para sa iyong sarili at ikakabuti ng taong pinagsasabihan mo, iwasang makasakit ng damdamin ng iba.","speak the words in a way that you want to hear for yourself and for the good of the person you are talking to, avoid hurting the feelings of others."
"R_3MA4GO9xam9bYFv","phl","Hate speech ay may halong pagkainggit o galit toward sa isang tao o issue. Kaya nagkakaroon ng hate speech gaya ng pagmumura, panghahamak, at iba pa ay dahil hindi masaya ang taong nagsabi nito sa kabuuan ng kanyang buhay. Mas nakakaawa sila kaysa nakakagalit.","Hate speech is mixed with envy or anger towards a person or issue. That&#39;s why there is hate speech such as cursing, contempt, and others because the person who said it was unhappy throughout his life. They are more pitiful than infuriating."
"R_1dKpC7c4X28wYG2","phl","Hate speech is slanderous if its content violates human rights and it also contains sarcasms and insults.it degrades the and humiliates a person.","Hate speech is slanderous if its content violates human rights and it also contains sarcasms and insults.it degrades the and humiliates a person."
"R_2YbmRYkav6gWOkt","phl","Masasabi kong ito ay hate speech kung ang konteksto o ang buod o mensahe ay kakikitaan o lumilikha ng pagkamuhi o galit sa isa o grupo ng mga tao","I can say it is hate speech if the context or the summary or message is seen or creates hatred or anger towards one or a group of people"
"R_2S6qhXJSCPmvDMt","phl","Kapag ito ay malayo na isyu ng pinag uusapan , katulad ng pagmumura , body shaming , kumbaga hinaluan na ito ng pamimintas para lang makasakit o masaktan ang damdamin ng taong iyon","When it&#39;s a distant issue, such as cursing, body shaming, it&#39;s as if it&#39;s mixed with criticism just to hurt or hurt that person&#39;s feelings."
"R_1cY4kmt6aF2AEqg","phl","Any form of speech that violates the rights of a certain group, usually the minority group. Something that is below-the-belt and may cause or feel harm towards the person whom the speech is referring to. For example: racial slurs, homophobic remarks, and red-tagging.","Any form of speech that violates the rights of a certain group, usually the minority group. Something that is below-the-belt and may cause or feel harm towards the person whom the speech is referring to. For example: racial slurs, homophobic remarks, and red-tagging."
"R_2P7L3BaKslcIp3Y","phl","Kung sa aakin lang kasi, sa ""Hate Speech"" aspect, tinutukoy ko ito base sa nararamdaman ng aking kausap o yung nag post. Hindi pa nangyayari sa akin na may magalit maliban lang sa aking mga magulang o nakakatanda.","If it&#39;s just mine, in the &quot;Hate Speech&quot; aspect, I refer to it based on the feelings of the person I&#39;m talking to or the one who posted. It has never happened to me to be angry with anyone except my parents or elders."
"R_BVVBdS01ZT1FChz","phl","Bilang Isang mamamayan Ng sting Banda,tungkulin po matin bawat Isa na mag isip at intindihin mo Muna Ang paksa Bago ka mag post o mag comment.","As a citizen of Sting Banda, it is the duty of everyone to think and understand the topic before you post or comment."
"R_zckEwr8SOjss0al","phl","Ang hate speech ay pananalota na nakakapinsala sa pagkatao ng tao sa kadahilanan ng kanyang paniniwala o pagkatao.","Hate speech is slander that harms a person&#39;s character because of his belief or character."
"R_DcTIuA684Y8noMV","phl","Ang hate speech ay walang laman na salita na ginawa nang mga western socialites who think there opinions are the center of the world, they are spoiled imperialist who have never lived in reality and any form of negative talk to them is bad infact I hold the opinion these people need to be discplined and shown the harsh reality of life because HATE SPEECH IS NOT A REAL WORLD BUT A MODERN INVENTION FOR IMAGINED OPRESSION. sorry for the aggresive point of view but this is how I feel about it","Ang hate speech ay walang laman na salita na ginawa nang mga western socialites who think there opinions are the center of the world, they are spoiled imperialist who have never lived in reality and any form of negative talk to them is bad infact I hold the opinion these people need to be discplined and shown the harsh reality of life because HATE SPEECH IS NOT A REAL WORLD BUT A MODERN INVENTION FOR IMAGINED OPRESSION. sorry for the aggresive point of view but this is how I feel about it"
"R_3k6D48rSIa0mjBa","phl","Hate speech is when you call for physical harm to be imposed on individuals who do not agree with your views.","Hate speech is when you call for physical harm to be imposed on individuals who do not agree with your views."
"R_2S1h2o3tDl4LT10","phl","Mga pangit na salita gaya ng pang iinsulto, pang aalimura ng kapwa, paninira, kasinungalingan at pagtatakip sa katotohanan.","Ugly words such as insults, insults, defamation, lies and covering up the truth."
"R_vdhH4LELerTDtKh","phl","Siguro para sa akin, ang hate speech ay ang mga salitang may pagbabanta sa partikular na grupo o indibiduwal na maaaring maghayag ng pagtatangi o prejudice laban sa kasarian o oryentasyon, relihiyon, at lahi.","Maybe for me, hate speech is the words that threaten a specific group or individual that can express prejudice or prejudice against gender or orientation, religion, and race."
"R_5ciajRbZiBCyIpj","phl","Hate Speech is a thing that it says anything to the first person that will incur hate and grudge of the first person, whether direct or indirect","Hate Speech is a thing that it says anything to the first person that will incur hate and grudge of the first person, whether direct or indirect"
"R_VRquCWPT8RCeHBf","phl","Kapag Ang ipinopost o Ang mga komento ay laban sa isang particular na grupo ng tao, at hindi sa issue, para sa akin ay hate speech yun. 
Halimbawa, kung Ang komento ay tungkol sa issue ng pahpapakasal ng third sex, hindi yun hate speech. Pero kapag Ang komento ay laban sa mga third sex in general, hate speech yun.","When the post or the comments are against a particular group of people, and not the issue, for me that is hate speech. For example, if the comment is about the issue of third sex marriage, it is not hate speech. But when the comment is against the third sex in general, that&#39;s hate speech."
"R_3QLgyYURrPJJfAV","phl","Mga post na pede nman na pag-usapan nlg pero mas pinipiling ipost khit na pde itong maging trauma sa ptutungkulan ng post.","Posts that can still be discussed but are preferred to be posted even though it can be a trauma to the post office."
"R_3sjpZAz3S2z8KFb","phl","Naglalaman ng pagbabanta, mas mababa ang tingin sa mga taong nabibilang sa isang grupo o relihiyon. Kawalan ng respeto.","Contain threats, look down on people who belong to a group or religion. Disrespect."
"R_3HjBK2if2jRFSr0","phl","Ito ay isang hate speech kung pwedeng makapaminsala sa tao o grupo Ng nagpopost lalo na kung ito ay fake news basta makapanira lng.marami dto nian sa Pilipinas mga bulaang vloggers na Pro Marcos,binabago ang kasaysayan ng Pilipinas.","This is a hate speech if it can harm the person or group who posts it, especially if it is fake news as long as it is harmful. There are many of these in the Philippines, false vloggers who are Pro Marcos, changing the history of the Philippines."
"R_3QRIHDl1sE4m1MA","phl","Ang hate speech ay ang pagsasabi ng hindi maganda at kasuklam suklam na mga mensahe sa ibang tao kahit wala namang ginagawang masama sa iyo ang tao na iyon.","Hate speech is saying bad and hateful messages to other people even if that person has done nothing bad to you."
"R_u48rBOS2ZyZE081","phl","Hate speech = Clear targeted hate towards people for their sex, race, gender, sexual orientation, occupation, origin, religion, anything in their background, etc.","Hate speech = Clear targeted hate towards people for their sex, race, gender, sexual orientation, occupation, origin, religion, anything in their background, etc."
"R_2EjjZdOKP2zjibS","phl","Ang hate speech ay isang pahayag na maaring mag bigay ng agam agam at negatibong reaksiyon sa iba pang mga gumagamit ng soc med at makapag papalala sa sitwasyun.","Hate speech is a statement that can cause suspicion and negative reactions to other users of soc med and can make the situation worse."
"R_3PSrvPCpmhHcva6","phl","Contains threats, insults or persoal attacks withoutaddressing the issue.

They can dis agree with others but  no personal attacks","Contains threats, insults or persoal attacks withoutaddressing the issue.

They can dis agree with others but  no personal attacks"
"R_sMw9pacCcEX84sV","phl","Ito ay isang uri ng pananalita na masakit at hindi maganda pakinngan o basahin. Para sa akin minsan ang mga hate speech ay papansin lamang sa social media, sila ang mga tao wala din magawa sa buhay kundi magbash nang magbash ng ibang tao. Mga taong wala laman, maingay pero wala laman parang lata.","This is a type of speech that is painful and unpleasant to hear or read. For me sometimes hate speech will only be noticed on social media, they are the people who have nothing to do in life but bash other people. Empty people, loud but empty like a can."
"R_1qUuaYEINiohZJU","phl","Para sa aking sariling pananaw.Ang Hate Speech,ay isang uri ng pananalita online o komentong may masasakit at mapagbantang pananalita laban sa isang partikular na indibidwal o user.","For my own view. Hate Speech, is a type of online speech or comment with hurtful and threatening language against a specific individual or user."
"R_1lluvzqC5DghEAR","phl","Ito ang personal na pag atake sa kinabibilangang antas ng pamumuhay, antas ng pinag-aralan, kasarian, paniniwalang politkal, relihiyon o paniniwalang ukol sa Diyos, lahi, at iba pang katulad nito. Na madalas ay may mapanlait o labis na nakasasakit ng damdamin na mga pananalita.","This is a personal attack that includes the standard of living, level of education, gender, political belief, religion or belief in God, race, and others like it. Which often has insulting or extremely hurtful words."
"R_1dmGOBFUzIeoDMj","phl","My personal interpretation of hate speech is, those kind of comments or posts, that is referring to certain group or people telling them negative things or everything that could be bad for those group/people.","My personal interpretation of hate speech is, those kind of comments or posts, that is referring to certain group or people telling them negative things or everything that could be bad for those group/people."
"R_22WfhKdcLrrzbFx","phl","For me, hate speech is a statement that a person used against someone when s/he is already losing an argument or s/he is incapable of intellectual conversation or exchange of ideas.","For me, hate speech is a statement that a person used against someone when s/he is already losing an argument or s/he is incapable of intellectual conversation or exchange of ideas."
"R_3IYxv7RGeTntBer","phl","Kung ang sinasabi ay laban sa pagkatao, kulay, kasarian, atbp. At nilalahukan na ng kapahamakan ng pinagsasabihan.","If what is being said is against personality, color, gender, etc. And the calamity of what is being said is involved."
"R_2Wvy0ToXKXnTTsD","phl","Hate speech may contain dangerous or harming threat to anyone even the moderator was affected. Pasensya na, mahirap sabihin sa filipino ang aking paliwanag.","Hate speech may contain dangerous or harmful threats to anyone even the moderator was affected. I&#39;m sorry, it&#39;s hard to explain my explanation in Filipino."
"R_1pxSKCvyIoT2X8N","phl","Kapag wala naman itong rational o experiential basis at basta na lang pinagmumukhang masama ang bagay o mga taong gusto nitong i-hate. Kapag nakakalimutan nitong may mga karapatang masasagasaan kung ang speech na ito ay magiging basis ng mga batas o panuntunin.","When it has no rational or experiential basis and just makes things or people it wants to hate look bad. When it forgets that there are rights that will be violated if this speech becomes the basis of laws or rules."
"R_2fJueGyIguHq8Ay","phl","Kung ito ay ay may direktang pagbabanta ng pananakitsa isang taong  o grupo ng mga taong nagpahayag ng opinyon na hindi sina-sangayunan ng nagba-banta","If it is a direct threat of slandering a person or group of people who express an opinion that is not shared by the person making the threat"
"R_2tmnVwVHPZMNFZJ","phl","sa aking pananaw - ito ay salitang nakasisira sa personalidad na tinutukoy...oo malaya ang taong maglahad ng kanyang saloobin subalit dapat din nating malaman na sila rin ay tao, nasasaktan sa mga nangyayari at mangyayari sa kaniyang kapaligiran o sa kanilang mga  buhay kaya nailalabas nila ang kanilang hate speech.","in my view - this is a word that destroys the personality referred to...yes the person is free to express his attitude but we must also know that they are also human, hurt by what happens and will happen in their environment or in their lives so it is released their hate speech."
"R_3DeH3gN5CtDzR91","phl","Para sa akin ang hate speech ay mga pananalitang nakakasakit sa kalooban o nakakapang insulto, nakakapanliit ngvpagkatao at nagdudulot ng pagkapahiya.","For me, hate speech is expressions that hurt the mood or are insulting, demeaning and causing embarrassment."
"R_1kHwC3W4j5xcMM3","phl","Ito ay paggamit/ginagamitan ng mga nakakasakit na salita kung saan maaaring mapahamak at maapektuhan ng malala ang taong sinasabihan nito.","It is the use/use of offensive words that can harm and seriously affect the person it is said to."
"R_tMuYN27KSE6UKaZ","phl","Kapag sa tingin ko ito ay nagpahayag ng walang basehang akusasyon at maaaring magdulot ng poot sa kabilang panig.","When I think it expresses baseless accusations and may cause hostility on the other side."
"R_3EEGr3c3LcYkRGO","phl","Speech na puno ng galit na walang rason at katotohanan mula sa isang taong gustong pabagsakin ang pamahalaan","Speech full of anger without reason and truth from a person who wants to overthrow the government"
"R_1GZz7sZH6vizSBJ","phl","Merong biases sa issue at gumagamit ng marahas na salita o pag threat sa pg justify ng kanyang prinsipyo.","There are biases in the issue and he uses violent words or threats to justify his principle."
"R_3hgwX9rs550QCCl","phl","Ang hate speech po ay isang napakalaking isyu na dapat mai-resolba sapagkat ito po ay nagdudulot ng pangamba sa mga minorya tulad ng mga may kapansanan, may edad, at iba pa na maaaring malabag ang batas sa bansa.","Hate speech is a huge issue that must be resolved because it causes fear among minorities such as the disabled, the elderly, and others who may violate the law in the country."
"R_b19NWiOlrYl3FAJ","phl","Kapag kasinungalingan at may intention na manlinlang at manakit ang tinutukoy o pinatutungkulan ng salita, ideya o mensahe ng speech.","When the word, idea or message of the speech is referred to or addressed as a lie and with the intention to deceive and hurt."
"R_1g7NC5GOaDiDlfZ","phl","Matutukoy mo ang isang hate speech base sa bigat ng salita na sinusulat or binabangit ng isang tao tungkol man ito sa personal na issue politika o kahit ano mang bagay na maaring mag dulot ng pinsala sa tao, Pisikal or mental man ito.","You can identify a hate speech based on the weight of the words that a person writes or mentions, whether it&#39;s about a personal issue, politics or anything that can cause harm to a person, whether it&#39;s physical or mental."
"R_2Se6QvLJVlmCI0u","phl","Ang hate speech para sa akin ay Ang pagsalungat Ng may malalim at matinding damdamin laban sa Isang indibidwal.","Hate speech for me is the opposition of someone with deep and strong feelings against an individual."
"R_3Mz0tcqkAoWhQoR","phl","Para sa akin ang hate speech.ay iyong direktang tumatalakay sa pagkatao ng isang tao kasama na ang kanyang pinagmulan","For me, hate speech is directly discussing a person&#39;s personality including his origin"
"R_1rGLoGLpWhZdNVM","phl","Ang hate speech ay may nilalaman ng mga.di kaaya ayang salita na tumutukoy sa gawaing di nila nagustuhan","Hate speech contains unpleasant words that refer to the work they do not like"
"R_Z1MRe5Aj6D3ibzr","phl","Hate speech is a myth created by people who can't handle criticism, that's life, people are good, people are bad.","Hate speech is a myth created by people who can't handle criticism, that's life, people are good, people are bad."
"R_1jkRFJFHFaIYaTM","phl","Ito ay mga mga speech na hindi umaayon sa mga sinasabi ng iba dahil itoy lihis sa paniniwala ng iba, gawa ng minorya o gawa ng iba ang paniniwala.","These are speeches that do not agree with what others are saying because it deviates from the beliefs of others, the work of the minority or the work of others&#39; beliefs."
"R_3JJjMMwjeR4qdWQ","phl","Hate speech and tawag sa walang basehan at emosyonal na hindi pagsang-ayon sa ibang tao. Layunin ng hate speech ang kabuuang pagalis sa mga ligalig imbes na ang pagintindi sa buong sitwasyon.","Hate speech and calls for baseless and emotional disapproval of other people. The purpose of hate speech is to completely eradicate the disturbances instead of understanding the whole situation."
"R_3kcPSpQkXQYWQXD","phl","Ang hate speech ay naglalaman Ng pagbabanta sa itong Buhay na maaring maging malaking issue ito sa itong pagkatao","Hate speech contains a threat to this life that can be a big issue for this person"
"R_3oUeLluapld1bQI","phl","Para sa akin masasabi mong hate speech kung nakakasira na sa pagkatao mo at naaapektuhan kna mentaly at emotionaly...","For me, you can say hate speech if it destroys your character and affects you mentally and emotionally..."
"R_stiLwMrsPaQqD85","phl","Ito su Isang pananalita na idiniditekta sa tao o grupo nagusto niyang patamaan ng kanyang pananalita.","This su A speech that is dictated to the person or group he wanted to hit with his speech."
"R_3HSkMZZ4tWuPAcx","ind","Gali gaoch, family'par galat comment","Wrong comment on bad village, family"
"R_ZgklijKbIrVJKHn","ind","ऐसे विचार जो किसी समुदाय या व्यक्ति विशेष को मानसिक पीड़ा देते हों।।","Such thoughts which cause mental distress to any community or individual."
"R_2thFFabGER6tkON","ind","Bo iske upper depend karta h 
","Bo depends on it 
"
"R_vpNUD9awOGudLt7","ind","गाली गलौज देना, अपराधिक बातें करना, और गंदी बातें कहना, देश और समाज को बुरा कहना।","Using abusive language, talking about criminal things, and saying dirty things, speaking ill about the country and society."
"R_3mgezqF8f4P9X1z","ind","शब्द जो किसी को आहत करें, यही अभद्र भाषा है।","Words that hurt someone are abusive language."
"R_12fepVSsxnTzj9i","ind"," गाली देना, जाति सूचक शब्द, रंग भेद या हिंसा की धमकी देना"," Abuse, racial slurs, racial discrimination or threats of violence"
"R_3dLjakuqoSe0RQi","ind","जिसके मन की शांति को क्रोध में बदल दे।","Whose peace of mind turns into anger."
"R_BYcyepQG9Gp9pZf","ind","जो दूसरों की भावनाओं को आहत करे, अथवा उन्हें अपमानित करे","that hurts the feelings of others or insults them"
"R_rfHJ02qmwlb9whr","ind","किसी की धार्मिक आस्था को ठेस ना पहुँचे और गाली गलौज प्रतिबंध हो","No one&#39;s religious beliefs should be hurt and abusive language should be prohibited"
"R_1OK4zhNbGZZcK9y","ind","किसी दूसरे व्यक्ति के सम्मान एवं सुरक्षा के भाव को आहत करने वाली भाषा अभद्र है।","Language that hurts another person&#39;s sense of dignity and security is abusive."
"R_3qsQaZIxw6CC8Mw","ind","Anything that can cause harm to any users psychological or emotional well being.","Anything that can cause harm to any users psychological or emotional well being."
"R_2V2uvRAliojk7YE","ind","Aap sirf apni baat ko rakh sakte bina kisi feelings ko hurt kiye","You can only state your opinion without hurting anyone&#39;s feelings"
"R_2rO3EdssJF1ONHH","ind","Jo man, samaj aur samay ke anusaar nahi hai.","Which is not in accordance with man, society and time."
"R_2dKK56ihgfXihxg","ind","Jis se kisi ki bhawna aahat ho","from whom someone&#39;s feelings are fulfilled"
"R_YWD1OjKQPVuzijT","ind","ऐसी भाषा जिससे सामने वाले व्यक्ति को दुख पहुचे  और समाज मे अमान्य हो वो अभद्र भाषा होती है","The language which hurts the other person and is unacceptable in the society is called abusive language."
"R_1g09WduOKi5oqyP","ind","Cast gender personal comment. Abuse language","Cast gender personal comment. Abuse language"
"R_2dEir8R1lpSzknD","ind","Na","Already"
"R_2aVpxRZUwg9C5mx","ind","Koi bhi shabd jo sammanniya nahi hai vo abhdra hai.","Any word which is not respectful is abhorrent."
"R_3qQASlLDthVJ4lb","ind","अभद्र भाषा वह भाषा है। जिसे हम स्वयं के प्रति नहीं सुनना चाहता।","Hate speech is the language that we do not want to hear against ourselves."
"R_2B4MLvZ7UtHjNui","ind","ऐसी भाषा, जिससे किसी व्यक्ति, समूह या समाज के लोगों की भावनाएं आहत हो।","Language which hurts the sentiments of any person, group or society."
"R_2sSzjJtOvnykSUN","ind","Jisme kisi ko koi bhi nuksan nh
","in which no one suffers any harm
"
"R_1kGfUZtXbK8SOzl","ind","जिससे लोगों में शर्मिंदगी हो।","Which causes embarrassment to people."
"R_ddr5MzYAmvvRMbL","ind","अगर किसी से कोई बात कहे • और उस बात से अगर उसका दिल दुखे वो ही अभद्र भाषा है ।।","If you say something to someone and it hurts his feelings, then that is abusive language."
"R_1EXtWylgvyUSBGQ","ind","Kisi ko gaali dena, maarne ki dhamki dena, kisi ke mahapurushon ko apshavd bolna","Abusing someone, threatening to kill, speaking ill of someone&#39;s great men"
"R_1A01B4p9uDkOvpD","ind","Abhadra bhasha me wo shabd aate he jisse saamne wale ke swabhimaan par thes lage","In a bad language those words come which attack the self esteem of the person in front of you"
"R_uaDSUsauaTxO65j","ind","वह अमर्यादित शब्द, जो किसी के मन को ठेस पहुँचाए","An abusive word that hurts someone&#39;s feelings"
"R_3QFyqRwuNgp4sUE","ind","जान से मारने की धमकी","Threats to kill"
"R_1QhXHmAgOV34aUj","ind","अश्लील शब्द, हिंसक वक्तव्य, द्वेषमूलक, अफवा, प्रक्षोभक भाषा","Obscene words, violent statements, hate speech, rumours, inflammatory language"
"R_3JwUWRKI0YFxchn","ind","ऐसी भाषा, जिससे लोगो को अपमानित महसूस करना पडे व गुस्सा आये","Language that can offend and anger people"
"R_XnbfHCfGYkopgFr","ind","Abusing words against people for mental torcher.","Abusing words against people for mental torcher."
"R_Os6CKqn3VdNvQqJ","ind","Kisi ko bhavana ko thesh pahuchana","to recognize someone&#39;s feelings"
"R_2ZNXNevtQLBpoNf","ind","Kisi ko apmanit karne wale shabdon ka parayog","Use of words that insult someone"
"R_2AYcVwsXxq7hwmo","ind","गाली गलोच वाली भाषा जिस से दूसरे के मन को ठेस पहुंचेती है","Abusive language that hurts another person&#39;s feelings"
"R_1rIbvnp2PMa306k","ind","Worng world","Worng world"
"R_3RaPRcKDTZYvuED","ind","कोई भी असामाजिक बात , जो आप अपने घर पर न कर सकते हो।","Any anti-social things that you cannot do at your home."
"R_2trK1XyrldyhixZ","ind","जातिसूचक शब्द,गाली और अपमानजनक भाषा","Casteist, abusive and derogatory language"
"R_1KmbOkDc5L007uo","ind","जो विचार देश के गौरव, किसी समुह, या व्यक्ति को आहत करता हो","Any idea which hurts the pride of the country, any group, or any individual"
"R_3g7uGGsNk5kOjQq","ind","गाली गलौच व्यक्तिगत या जातिगत धार्मिक टिप्पणी जिससे सामने वाले के आत्मसम्मान को ठेस पहुंचे।","Abuse, personal or caste based religious remarks which hurt the self esteem of the other person."
"R_z1o81icvOvXTRzr","ind","किसी की भावनाओं व सम्मान को जानबूझकर ठेंच पहुंचनेवाला content","Content that intentionally hurts someone&#39;s feelings and dignity"
"R_pGIKaLefoN38qEp","ind","ग़लत","Wrong"
"R_0f8ixDegrBj6QHD","ind","गाली-गलौच, अशालीन, अमर्यादित, निजी आलोचना/लांछन ंंंंंंंंऔर स्तरहीन ( सड़क छाप)भाषा।","Abuse, indecent, unruly, personal criticism/slander and lowly (street) language."
"R_2v8Gz1SKvlxrJJV","ind","Abhadra Bhaasha woh hoti hai jisme gaaliyaan, threat, aadi di hui hoti hai.","Obscene language is the one in which abuses, threats, etc. are given."
"R_3DhHqxWpjqS5RG3","ind","अनुचित शब्दों के साथ अपनी बात को कहना, जो सामने वाले को नकारात्मक रूप से प्रभावित करती है।","Expressing your views using inappropriate words, which negatively impacts the other person."
"R_2WtVPnVAf6CLBa9","ind","Demeaning language targeting an individual or group","Demeaning language targeting an individual or group"
"R_26gJP43JqvXLHql","ind","धमकी,  गाली","threats, abuse"
"R_1KrpW4b7uHKJeh7","ind","Something which can hurt people in a wrong way is a uncivilised language according to me.","Something which can hurt people in a wrong way is a uncivilised language according to me."
"R_Rlc07Di7plnkjWV","ind","किसी धर्म जाति के लोगों को गाली देना अभद्रताा है","It is indecent to abuse people of any religion or caste"
"R_2xJBcDv2hryfEGO","ind","गाली या सांप्रदायिक या जातिवादी भाषा","abusive or communal or casteist language"
"R_2wtVwPnvRAlpFHY","ind","अपसब्द","abusive"
"R_1207lEH8ACv6UFQ","ind","गाली देना, धर्म पर निशाना लगाना","abuse, targeting religion"
"R_3hFT1w1QkgpA35C","ind","Kisiko apne shabdo se hurt karna kisi bhi kaaran se wo abhadra hai
Agar kisi ne koi post dala hai aur wo aapko pasand nahi hai to usey gali dene se kya hone wala hai aisa nahi karna chahiye
Aur post bhi maryadit hona chahiye","Hurting someone with your words for whatever reason is obscene. If someone has posted something and you don&#39;t like it, what is the point in abusing him? This shouldn&#39;t be done and the post should also be limited."
"R_RUNvppd4HpxwVc5","ind","अभद्र भाषा का अर्थ होता है गाली-गलौच,नीचा दिखाने के उद्देश्य से बोला गया कोई जातिसूचक या घृणित शब्द इत्यादि।","Abusive language means abuse, casteist or hateful words spoken with the intention of insulting someone, etc."
"R_2yrXIhu65hqxmBB","ind","जिन शब्दों से लोगों को आहत या इंगित किया जाता हैं, जिसे उन्हें मानसिक रूप से दुःख, डर, अपमान का अनुभव होता है, उसे अभद्र भाषा कहा जा सकता है।","Words that hurt or insult people, which makes them feel sad, scared or insulted, can be called abusive language."
"R_ehyO8Q1C4yB9pT3","ind","अभद्र भाषा वह है जो मन पर प्रहार करती है सत्य सौम्यता से ही कहना चाहिए - एडवोकेट अमित श्रीवास्तव सिविल कोर्ट सीतापुर","Abusive language is that which attacks the mind, the truth should be spoken with gentleness - Advocate Amit Shrivastava, Civil Court, Sitapur"
"R_3I4bKVDAbDgQMUU","ind","Kisi viprit vichar Wale manushya Ko man karm athva Vachan ke dwara Hani pahunchane ki cheshta अथवा धमकी भरे अंदाज में शब्दों के प्रयोग को एवं शब्दों के ko prayog ko abhadra Bhasha ki shreni mein Rakha ja sakta hai
","An attempt to harm a person with opposing views through action or speech or the use of words in a threatening manner can be classified as obscene language.
"
"R_2TEFl98zGCQMxzk","ind","अभद्र भाषा से अभिप्राय है किसी समूह की संस्कृति, स्वंतंत्रता, जातीय, धार्मिक आधार पर बोले गए ऐसे शब्द जो समूह के मन मस्तिष्क को उत्पीड़ित करते है।","Hate speech means words spoken on the basis of culture, freedom, race or religion of any group which harass the mind of that group."
"R_wXzuKZkYi9UGdnH","ind","गाली देना, असंसदीय भाषा, क्रोध भरी बाते, दूसरे धर्म, जाति, समाज के लोगो के लिए कुछ भी अनर्गल बोलना, आदि","Abuse, unparliamentary language, angry words, saying anything nonsense about people of other religion, caste, society, etc."
"R_2bW2AEwMZmqWBnV","ind","आप अपने शब्दों से अगर किसी का दिल दुखाते हो या अपने शब्दों से किसी अन्य का अपमान करते हो ‌‌आप अपने साथ किसी और को जबरदस्ती थोपना चाहते हो ‌‌या   अगर आपको किसी की भाषा समझ में नहीं आती तो आप अपने आपको उससे दूर कर ले आप उन पर अपने विचार थोप नहीं सकते","If you hurt someone with your words or insult someone with your words, if you want to force yourself on someone else, or if you do not understand someone&#39;s language, then you should distance yourself from them, you cannot impose your views on them."
"R_viWFGrwaOQD2fwB","ind","अभद्र भाषा उन शब्दों को संदर्भित करती है जिनका इरादा किसी विशेष समूह के प्रति घृणा पैदा करना है, वह समूह एक समुदाय, धर्म या जाति हो सकता है। इस भाषण का अर्थ हो भी सकता है और नहीं भी, लेकिन इसके परिणामस्वरूप हिंसा होने की संभावना है।","Hate speech refers to words that are intended to create hatred towards a particular group, be that a community, religion or caste. This speech may or may not be meant to be hurtful, but it has the potential to result in violence."
"R_6gIriFIHITUbvGh","ind","मनोस्थिति पर आधारित है।
सोश्यल सर्वे लोगों को चुतिया बनाने के लिए होते है एक ऐसा मेट्रिक्स जिसमे मनुष्य के स्वतंत्र विचार को प्रदर्शित किया नहीं जा सकता। जो सर्वेयर है उनके विचारों पर ही जक मार के समहत होकर अनिच्छा से भी कुछ ऑप्शन नहीं छोड़ा जा सकता।","It is based on the state of mind. Social surveys are made to fool people, a matrix in which the independent thoughts of a person cannot be shown. By sticking to the thoughts of the surveyor, no option can be left even reluctantly."
"R_3JnhsEq0vPbavoL","ind","गाली, धमकी, हंसी उड़ाना, मजाक, जाती सूचक शब्द, आर्थिक मूल्यांकन और गरीब का मजाक उड़ाना, धार्मिक उन्माद , धर्मांधता, सार्वजनिक बेइज्जती, सरकारी ताकत का गलत फायदा उठाना","Abuse, threats, ridicule, jokes, casteist remarks, economic evaluation and ridicule of the poor, religious fanaticism, bigotry, public humiliation, misuse of government power"
"R_2wn5pTQt2M97xHT","ind","Abhadr bhasha maane is tarah se baatchit karna jiski wajah se samne wale insan ko apmanit mesus ho sath hibunko thes pahunche.","Abhadr language means to talk in such a way due to which the person in front of you feels insulted and reaches the destination."
"R_232CsIFWeq8G4dO","ind","अभद्र भाषा उसे कहा जाता जिसमें गंदे गालियों या ऐसे कथन जो स्वस्थ एवं स्वच्छ  समाज, समुदाय और परिवार में स्वीकार्य नहीं होते।","Hate speech is that which contains dirty abuses or such statements which are not acceptable in a healthy and clean society, community and family."
"R_1BXefIzE6ogESRI","ind","भावना अभद्र होती है भाषा नहीं। कभी कभी हम अपने बच्चों को भी प्यार से अभद्र भाषा इस्तेमाल करते हैं पर भावना नहीं।","Emotions are abusive, not language. Sometimes we use abusive language with our children out of love, but not emotions."
"R_31RtgfFlonpvxVt","ind","ऐसे शब्द जो किसी  के धर्म ,जाति या समाज को अपमानित करता हो या किसी के निजी जीवन को अपमानित करता हो।या किसी समूह पर हिंसा करने को,या उकसाने को अभद्र भाषा कहा जाना चाहिए","Words that insult any religion, caste or society or insult any person&#39;s personal life or incite violence against any group should be called hate speech."
"R_3hDsr9SjVakPgyj","ind","Esi bhansa jisse logo ke dukh pahuche ,
Esi bhansa jisse logo k riwajo galat darshaya jaye
Esi bhansa jisme sirf khud ko sahi or dusro ko galat sabit kiya jaye
Esi bhansa jisme dusre dharm,jati,ko nicha dikhaya jaye","A Bhansa which causes pain to people, a Bhansa in which people&#39;s customs are shown wrong, a Bhansa in which only oneself is proved right and others are proved wrong, a Bhansa in which other religions, castes are shown to be inferior"
"R_2uOF5wU35qF3mR5","ind","
जब हम एक-दूसरे पर नाराज होते हैं तो शब्दों की मर्यादा टूट जाती है। लेकिन सही मायनों में अभद्र भाषा क्या है, इसे समझने के लिए हमें प्रकृति और संस्कृति के बीच का फर्क समझना होगा।

अक्सर जब भी लोग इसका सामना करते हैं तो उन्हें चेताया जाता है। फिर भी, ऐसे रिवाज तो हैं जिनमें आप देवता को अपशब्द कह सकते हैं। इसे निंदा-स्तुति कहा जाता है।

आप जितनी कडी निंदा करना चाहते हैं उतने घृणित शब्दों का प्रयोग करते हैं। इस अभ्यास का तार्किक उद्देश्य भाव-विरेचन है। अपने शरीर से नकारात्मक ऊर्जा को बाहर निकालना। ईश्वर इस तरह की निंदा स्वीकार कर लेते हैं। मनोवैज्ञानिक रूप से देखा जाए तो यह सुरक्षा वॉल्व है।","
When we are angry at each other, words are out of bounds. But to understand what hate speech really is, we need to understand the difference between nature and culture. Usually, when people encounter it, they are warned. Still, there are rituals where you can abuse a deity. This is called ninda-stuti. You use as many hateful words as you want to abuse. The logical purpose of this practice is catharsis. To release negative energy from your body. The deity accepts this kind of abuse. Psychologically, it is a safety valve."
"R_12hUI9HVydtT5WE","ind","किसी व्यक्ति, समाज और राष्ट्र का अपमान करने वाली बातेँ कहते हुए ये सोचना चाहिए कि आपको भी वैसा ही जवाब मिलेगा.","While saying things that insult any person, society or nation, you should think that you will get the same response."
"R_1NqY8fcwLkG05Dw","ind","अभद्र भाषा किसी विचार की अभिव्यक्ति में उन शब्दों के प्रयोग का होना है जिसे समाज उचित न समझता हो या उस व्यक्ति को भी उचित न लगे जिसे उस मुद्दे से कोई सरोकार न हो।","Hate speech is the use of words to express an idea that may not be considered appropriate by society or even by a person who is not concerned with the issue."
"R_3PXYEA4Xmg82azW","ind","जब हमारी बातों से किसी भी व्यक्ति, संस्था,समाज के लोगो को ठेस पहुंचाता है तो वही अभद्र भाषा है इसलिए ऐसा नहीं करना चाहिए","When our words hurt any person, organization or society, then it is abusive language, so we should not do this."
"R_Ajl1qXF4RDMuYWl","ind","गाली , जातिगत भेदभाव , देश के प्रति घृणित टिप्पणी , महिला के प्रति अपमानजनक टिप्पणी , बुजुर्गों का अपमान , किसी भी व्यक्ति पर अपमानजनक टिप्पणी,,,","Abuse, caste discrimination, hateful comments against the country, derogatory comments against women, insult to elders, derogatory comments on any person,,,"
"R_2wFSgEmlQ1oTef8","ind","Kisi vyakti ke liye gali ka prayog Karna ya FIR kisi bhi neta ke liye abhadra Bhasha ka prayog Karna kuchh aise shabdon ka prayog karna jo samaj ke bich mein galat samjha jata Ho ko abhadra Bhasha kahate Hain","Using abusive language for any person or filing an FIR against any leader, using such words which are considered wrong in the society is called obscene language"
"R_UxOY9giVlrvgv97","ind","अभद्र भासा जेसेकि भगवान को गाली,घर के सदस्यों को गाली डेथ थ्रेट्स,और लिब्रल बातें अभद्र भासा की श्रेणी में आते है","Abusive language such as abuse against God, abuse against family members, death threats, and liberal remarks come under the category of abusive language."
"R_yBCi5KQ38OE4tih","ind","उन शब्दों की समाजिक मान्यता न हो ऐसे शब्द अभद्र भाषा कहलाते हैं या उन शब्दो का प्रयोग आपके लिए किया जाय तो आप कैसा महसूस करते हैं इस पर भी निर्भर करता है हो सकता है यही आपका संस्कार हो।","If those words do not have social acceptance, such words are called abusive language or if those words are used for you then how you feel depends on it, maybe this is your sanskar."
"R_2WGavMK28aallU2","ind","Kisi bhi vyaktivishesh ya jati ya dharm ya ling ya kisi bhi samuh ko man par ya unki bhavna ko thes pahochne vale shabd ko ya vaky ya ese vicharo ko prakat karna ya gali galoch karna abhadra bhasha kahlati hai...","Expressing such thoughts or saying such words or sayings which offend the mind of any personality or caste or religion or gender or any group or which reach their feelings is called obscene language..."
"R_22KCLv4QVXIc9LH","ind","किसी भी सार्वजनिक मीडिया प्लेटफॉर्म पर किसी को अपमानित करने के लिए प्रयोग किये गए शब्द और अपशब्द ही अभद्र भाषा है","Hate speech is any word or abusive language used to insult someone on any public media platform"
"R_3NVZBHwUwzqjmXH","ind","जो तथ्यों से परे है व‌ अपनी बात दूसरों पर जबरदस्ती थोपने की परिवर्ति रखती है। या सीधे सीधे धमकाती है।","Which is beyond facts and tries to force its views on others. Or directly threatens."
"R_1LqDgpzG2lXLpVr","ind","किसी भी व्यक्ति को सोशल मीडिया पर गाली- गलोच करना। किसी भी समुदाय को लेकर भड़काऊ भाषण देना जिससे हिंसा को बढ़ावा मिले। अल्पसंख्यक को कढ़घरें में खड़ा कर प्रोपेगेंडा चलाना। जिससे की देश के लोगों में अशांति फैले और धार्मिक अराजकता को फैलाना भी अभद्र व्यवहार में आता है।","Abusing any person on social media. Giving provocative speeches against any community which encourage violence. Running propaganda by putting minorities in the dock. Spreading unrest among the people of the country and spreading religious anarchy also comes under indecent behavior."
"R_1DI5CDnd4qWn6Zk","ind","जो किसी की मां बहन को धमकी देने मारने की बात करता हो देख लेने की बात करता हो मन में प्रताड़ित की भावना रखते हुए कोई भी ऐसे अश्लील शब्द कहे अमान्य हो और जो दूसरे के धर्म को नीचा दिखाता हो","Anyone who threatens to kill someone&#39;s mother or sister, talks about taking revenge, says any such obscene words with a feeling of oppression in his mind and who degrades the religion of others is unacceptable."
"R_3iseOmHwbronMyU","ind","मेरी राय में जिस भाषा के कारण कोई अनावश्यक तौर पर व्यग्तिगत रूप से अपमानित महसूस करे तो यह अभद्रता कहलाती है।","In my opinion, any language which makes someone feel unnecessarily insulted personally, is called indecency."
"R_C4tyGYWppMMR6OR","ind","जातिगत टिप्पणी करना किसी के साथ गाली गलौज करना है अभद्र भाषा की श्रेणी में आते हैं किसी को नीचा दिखाना उसको लेकर लेकर बर्ताव करना उन्हें बुरा भला कहना यह दुर्वासा के समय नहीं होता है","Making caste based remarks or abusing someone comes under the category of abusive language. Humiliating someone, behaving badly with them, saying bad things about them, all this does not happen during Durvasa&#39;s time."
"R_3g1vpmu109pKUBv","ind","अभद्र भाषा व्यक्तिगत गलत कॉमेंट देश के लिए गलत कॉमेंट पारिवारिक कॉमेंट जो भी कॉमेंट देश व्यक्तिगत संगठनात्मक गलत किए गए हो अभद्रता कहे जाते है।","Hate language, personal wrong comment, wrong comment for the country, family comment, any comment which is wrong for the country, personal or organizational is called obscenity."
"R_pcPK2OYNZC1sbFT","ind","Jo bhasha ashlil aur abusive ho.Gaali ki category me ho wo abhadra hai.Jiska prayog parivar ke saamne na kiya ja sake aur jo kisi ko daraane wali na ho.Aisi bhasha honi chahiye.Kisi community aur religious sentiments hurt karne bhasha abhadra hai.","The language which is obscene and abusive, which falls in the category of abuses, is obscene. It cannot be used in front of the family and which should not scare anyone. Such should be the language. The language which hurts any community or religious sentiments is obscene."
"R_1QEruLLiUzNURck","ind","तत्थहीन असंसदीय बातें बिलकुल होनी ही नहीं चाहिए गाली गलौज के बगैर, मर्यादित तरीके से अपनी बात शांति पूर्वक रखनी चाहिए।","There should be no baseless unparliamentary talk at all. One should express his views peacefully and in a dignified manner, without using abusive language."
"R_2SdWXn5bu14yUs8","ind","Language that is explicitly designed to cause actual harm, for example, encouraging self-harm or encouraging or instructing others to harm the person in question, or language that causes harm by trying to denigrate a person based on their perceived group identity.","Language that is explicitly designed to cause actual harm, for example, encouraging self-harm or encouraging or instructing others to harm the person in question, or language that causes harm by trying to denigrate a person based on their perceived group identity."
"R_1eFgfJ0ussEZJ3x","ind","अभद्र भाषा वह होती है जिसमे कोई व्यक्ति किसी के परिवार और संबंधो को गलत कहना और गली देना और जाना से मरने धमकी देना","Hate speech is that in which a person abuses and speaks ill of someone&#39;s family and relations and threatens to kill him."
"R_1dujeUmZqu7C1Ls","ind","  Jis bhasa me aap ghar pe, bachcho se baat kare wo sahi hai. Gaali dena , personal ya identity ko lekar comment abhadr hai.","  The language in which you talk to children at home is correct. Abuse, personal or identity-related comments are indecent."
"R_cGdNwxKiGWss99f","ind","अशिष्ट भाषा अपमानजनक भाषा है। यह एक मानसिक हिंसा है। इसलिए अभद्र है। विचार अभिव्यक्ति में भाषा विन्यास बहुत महत्वपूर्ण है।भाषा में अशिष्ट भाव को दूषित करती है।","Vulgar language is an insulting language. It is a form of mental violence. Hence it is indecent. Language structure is very important in expressing thoughts. Vulgar language contaminates the sentiments."
"R_12onBeoQpSwI6Gy","ind","Gali galoch krna, dhamakaana, jativadi yaa religious comment krna, ek dusre ko jahiri torr pr nicha dikhane ki koshish krna.","Abusing, threatening, making casteist or religious comments, trying to belittle one another publicly."
"R_2THu3B1lXP0jQpK","ind","ऐसी भाषा जिससे सुनने या पढ़ने वाले व्यक्ति के मन को आहत पहुँचे
ऐसे शब्द जिन्हे पढ़ने में भी शर्म महसूस हो 
","Such language which hurts the feelings of the person who hears or reads it; such words which one feels ashamed even to read 
"
"R_tFmoZqrJTWjLyWR","ind","अभद्र भाषा वहा है जिसमे किसी भी व्यक्ति को धार्मिक जातिगतरूप से चिन्हित कर उस पर व्यक्तिगत टिप्पणी की जाती है।","Hate speech is when any person is identified on religious or caste basis and personal comments are made on him/her."
"R_2rOew5V90g9cXpK","ind","किसी व्यक्ति को गाली दे कर उसके लिए या उसके परिवार के बारे किसी भी तरह की आपत्ति जनक बात बोलना अभद्र भाषा में देख सकते है या बोल सकते है । गुस्से में कहे गए शब्द अमूमन अभद्र हो जाते है ।
","Abusing a person and saying something objectionable about him or his family can be seen or spoken in abusive language. Words spoken in anger are usually abusive.
"
"R_3k0URxe5NHjWu5M","ind","अभद्र भाषा वह है जो हम अपने खास या विशिष्ट लोगों के सामने ना कह सके! या वही भाषा कोई हमे कहे तब हम लोगों को वो बात बुरी लगे!
अभद्र भाषा की कई परिभाषा है, एक आम व्यक्ति वही आपत्तिनजक भाषा रोज सुनता है जबकि वही भाषा किसी vip के employee को भी बुरा लगता है!","Obscene language is that which we cannot say in front of our special or special people! Or if someone says the same language to us then we feel bad about it! There are many definitions of obscene language, a common man hears the same objectionable language every day while the same language is also felt bad by the employee of a VIP!"
"R_3Eo7chNLfCsPrQR","ind","Woh bhasha jo saamnewaale ko sharminda ya krodhit kare
Uske sanskaron aur wyatitva ko thhes pahunchaye","That language which embarrasses or offends the audience and brings disrepute to their culture and behaviour"
"R_vCclrXsr4mHG3T3","ind","अभद्र भाषा, ऐसे शब्द जो किसी व्यक्ति को मानसिक रूप से क्षति पहुंचाते हो, 
गाली बकना, धर्म के आधार पर, जाति के आधार पर नीचा दिखाना, अपशब्द कहना,
धमकी देना आदि।","Abusive language, words that harm a person mentally, abuse, insulting on the basis of religion or caste, using foul language, threatening, etc."
"R_SCyViENHrefzEat","ind","'अभद्र भाषा ' हम उसे कहेगे जो बात बात पर अपशब्द का प्रयोग करे, और साथ ही साथ अपना गुस्सा को खत्म करने के लिए अधिकतर लोग माता-बहन शब्दों प्रयोग मै लाकर की दुसरो से बात करते है। जब तक सामने वाला व्यक्ति पॉइंट करके अपशब्द की भाषा का प्रयोग न करे।","We call it &#39;abusive language&#39; when someone uses abusive language on every small thing, and at the same time, to vent out their anger, most people talk to others using abusive words like mother and sister. Unless the other person points out and uses abusive language."
"R_1imSavu0QcNJF3N","ind","ऐसी भाषा जो किसी भी व्यक्ति को चाहे वह किसी भी मत या धर्म को मानता हो, उसे आहत करे। केवल मैं ही सही हूँ ये मानकर नहीं चलना चाहिए।","Such language which hurts any person irrespective of his faith or religion. One should not believe that only I am right."
"R_29tuZqJGpXQbK4L","ind","Anything which is something out of practice, obscene vulgar or diminishes the social, religious, democratic image of the society","Anything which is something out of practice, obscene vulgar or diminishes the social, religious, democratic image of the society"
"R_3nxyByKwmeLQG2g","ind","अभद्र भाषा वह है जो किसी भी व्यक्ति विशेष की गरिमा, जाति और व्यक्ति विशेष पर नकारात्मक टिप्पणी कर उसे अपमानित कर ठेस पहुंचाई जाए अभद्र भाषा कहलाती है ।","Hate speech is that which insults and hurts the dignity, caste or any particular person by making negative comments on him/her. It is called hate speech."
"R_sXqmXeZ6zl6M9GN","ind","वह भाषा जो हमारी गरिमा और सम्मान के लिए सही न हो । और किसी के मन को दुख पहुंचाए वह अभद्र भाषा होती है ।","The language which is not appropriate for our dignity and respect and which hurts someone&#39;s feelings is abusive language."
