ResponseId,country,hate_definition_cleaned,content_attack,content_causing_harm,content_dehumanization,content_form_of_speech,content_harassment,content_hateful_language,content_incitement,content_incivility,content_against_law,content_misinformation,content_mocking,content_offensive_language,content_opinion,content_severity,sender_speaks_bad_faith,sender_generally_matters,sender_wants_hurt,sender_power,sender_prejudiced,scope_group,scope_person,target_age,target_caste,target_specific_char_general,target_class,target_ideology,target_minority,target_more_unspecified,target_physical_attr,target_profession,target_race,target_region,target_religion,target_gender,target_sexual_orientation,target_culture,target_tribe,target_uncontrolled_features,target_vulnerable,target_other,other_what_to_do_against_it,other_provides_example,other_questions_existence,other_questions_importance,other_provides_negating,other_no_definition,other_emphasize_subj,other_free_speech,flag,flag_comments
R_cFRccyjM6gUATnP,bra,Offensive to people,,,,,,,,,,,,,,,,,,,,,,,,,,,,,,,,,,,,,,,,,,,,,,,,,,
R_3Kw2nkrMsTWKm6f,bra,Much more racist or homophobic words than those used in the test questions.,,,,,,,,,,,,,,,,,,,,,,,,,,,,,,,,,,,,,,,,,,,,,,,,,,
R_1l6LumZRdUZl7Rf,bra,"Which raises hatred against someone or group, which raises discrimination",,,,,,,,,,,,,,,,,,,,,,,,,,,,,,,,,,,,,,,,,,,,,,,,,,
R_AvuyuhA6117JyV3,bra,"Hate Speech is observed ""attentive"" against the secondness and freedom of the other ....",,,,,,,,,,,,,,,,,,,,,,,,,,,,,,,,,,,,,,,,,,,,,,,,,,
R_2UWag5ajbgHct2u,bra,"Fail mine about something, without insulting and without constructively criticizing",,,,,,,,,,,,,,,,,,,,,,,,,,,,,,,,,,,,,,,,,,,,,,,,,,
R_2XpntZFrjgwnyFc,bra,"Offensive ideas or MSG, directed to groups or part of them, of discriminatory character.",,,,,,,,,,,,,,,,,,,,,,,,,,,,,,,,,,,,,,,,,,,,,,,,,,
R_eY68zC1ci7TdW3T,bra,Radical Attack The Opinion,,,,,,,,,,,,,,,,,,,,,,,,,,,,,,,,,,,,,,,,,,,,,,,,,,
R_1rfAyw2WPEzAws6,bra,Something without empathy ... Without understanding ... Lack of humanity ... No charity !!!,,,,,,,,,,,,,,,,,,,,,,,,,,,,,,,,,,,,,,,,,,,,,,,,,,
R_26fhIRMnniVORqQ,bra,Every speech that offends.It is possible to expose your opinion without offending anyone.,,,,,,,,,,,,,,,,,,,,,,,,,,,,,,,,,,,,,,,,,,,,,,,,,,
R_3FKXHkxdPoPwPMl,bra,Doctrine against a particular group.,,,,,,,,,,,,,,,,,,,,,,,,,,,,,,,,,,,,,,,,,,,,,,,,,,
R_3QXUPKFXObt09ba,bra,Manifestation and influence of directed or biased hatred,,,,,,,,,,,,,,,,,,,,,,,,,,,,,,,,,,,,,,,,,,,,,,,,,,
R_vk127RBHPhAlPsR,bra,Hate speech is when speech has elements of exclusion/extermination of some group or people.,,,,,,,,,,,,,,,,,,,,,,,,,,,,,,,,,,,,,,,,,,,,,,,,,,
R_2EbjuRpfOO3tlcB,bra,They would be speeches that encourage crimes against life or assets.,,,,,,,,,,,,,,,,,,,,,,,,,,,,,,,,,,,,,,,,,,,,,,,,,,
R_2S2I1rwcR6ZmgEv,bra,Extremely offensive speech,,,,,,,,,,,,,,,,,,,,,,,,,,,,,,,,,,,,,,,,,,,,,,,,,,
R_2TpGq4YznxH90B8,bra,Discourses that threaten or pay attention against the integrity of individuals or groups.,,,,,,,,,,,,,,,,,,,,,,,,,,,,,,,,,,,,,,,,,,,,,,,,,,
R_2dRrFdQmk7mngAB,bra,They have no idea what I discussed about politics.,,,,,,,,,,,,,,,,,,,,,,,,,,,,,,,,,,,,,,,,,,,,,,,,,,
R_4MVFqb4rAqbovjX,bra,Speech that puts someone or something as a vicinity of society,,,,,,,,,,,,,,,,,,,,,,,,,,,,,,,,,,,,,,,,,,,,,,,,,,
R_10CPhRCM13W42i0,bra,Aqles q offend qqr option or agridem qqr type of servant,,,,,,,,,,,,,,,,,,,,,,,,,,,,,,,,,,,,,,,,,,,,,,,,,,
R_bEIjrN6wDBjliY9,bra,Hypocrisy,,,,,,,,,,,,,,,,,,,,,,,,,,,,,,,,,,,,,,,,,,,,,,,,,,
R_3JDU3O9irk0dD8y,bra,"Hate speech is what attacks different groups like blacks, homosexuals etc.",,,,,,,,,,,,,,,,,,,,,,,,,,,,,,,,,,,,,,,,,,,,,,,,,,
R_zT5bOiMcSYamYaR,bra,Discourse that promotes violence or exclusion directed to specific groups,,,,,,,,,,,,,,,,,,,,,,,,,,,,,,,,,,,,,,,,,,,,,,,,,,
R_12aMEDYxy902Dqk,bra,He who through words and actions excludes minorities or majorities in a society.,,,,,,,,,,,,,,,,,,,,,,,,,,,,,,,,,,,,,,,,,,,,,,,,,,
R_2wiDMm5xf2DEIVy,bra,"Prejudices of race.gender, social etc",,,,,,,,,,,,,,,,,,,,,,,,,,,,,,,,,,,,,,,,,,,,,,,,,,
R_2fkgMhvLYlYepK8,bra,The hate speech has incitement to aggression.,,,,,,,,,,,,,,,,,,,,,,,,,,,,,,,,,,,,,,,,,,,,,,,,,,
R_2QARfJT5Flgb3qM,bra,Kick the head in the shape of a president.,,,,,,,,,,,,,,,,,,,,,,,,,,,,,,,,,,,,,,,,,,,,,,,,,,
R_DIwLSXlnVSdotVL,bra,Any discourse that defends physical violence against a defined individual.,,,,,,,,,,,,,,,,,,,,,,,,,,,,,,,,,,,,,,,,,,,,,,,,,,
R_3DqlXJq20CueLPe,bra,Violent or contraceptive discourses to minorities or specific groups.,,,,,,,,,,,,,,,,,,,,,,,,,,,,,,,,,,,,,,,,,,,,,,,,,,
R_ZfMiXpeF3auZDEZ,bra,"Any manifestation that encourages the division, segregation or physical and threatened attacks",,,,,,,,,,,,,,,,,,,,,,,,,,,,,,,,,,,,,,,,,,,,,,,,,,
R_CelzAThPfT95RwB,bra,Offensive words,,,,,,,,,,,,,,,,,,,,,,,,,,,,,,,,,,,,,,,,,,,,,,,,,,
R_2bKxuU3BtLQequW,bra,It is a discourse that proposes the extermination of a specific group or put them as subhumans.,,,,,,,,,,,,,,,,,,,,,,,,,,,,,,,,,,,,,,,,,,,,,,,,,,
R_1rHwA9Tvn0uLYMA,bra,Death -threatening,,,,,,,,,,,,,,,,,,,,,,,,,,,,,,,,,,,,,,,,,,,,,,,,,,
R_UtfJzI2EJrHee4N,bra,"Defamatory speech that aims to organize physical violence, murder and extermination of a group.",,,,,,,,,,,,,,,,,,,,,,,,,,,,,,,,,,,,,,,,,,,,,,,,,,
R_3EG6y6BJhoE8ovw,bra,"Hate speech is, for example, to exalt Stalin, who killed thousands as a good man.",,,,,,,,,,,,,,,,,,,,,,,,,,,,,,,,,,,,,,,,,,,,,,,,,,
R_2TOhvPoPuX22OL2,bra,"Offend someone or group, without incurring injury, slander or defamation.We already have these criminal types.",,,,,,,,,,,,,,,,,,,,,,,,,,,,,,,,,,,,,,,,,,,,,,,,,,
R_1liwrXWgPuCd0o8,bra,"I don't know, because people hate each other for any reason.",,,,,,,,,,,,,,,,,,,,,,,,,,,,,,,,,,,,,,,,,,,,,,,,,,
R_87c7XpSFDjb6TGp,bra,"Racism, homophobia, destroy nature, machismo,",,,,,,,,,,,,,,,,,,,,,,,,,,,,,,,,,,,,,,,,,,,,,,,,,,
R_2v6zaUzmhZzls0E,bra,explicit incitement the violence.,,,,,,,,,,,,,,,,,,,,,,,,,,,,,,,,,,,,,,,,,,,,,,,,,,
R_2tscr71oi2TaZwz,bra,"Speech that incites death, persecution, attacks without discussion",,,,,,,,,,,,,,,,,,,,,,,,,,,,,,,,,,,,,,,,,,,,,,,,,,
R_3QPD3ZVZlhSvnfc,bra,Hate speech is all that attentive to human dignity,,,,,,,,,,,,,,,,,,,,,,,,,,,,,,,,,,,,,,,,,,,,,,,,,,
R_25GCXaGCeJ3gITl,bra,"In favor of exterminations, extreme right parties, racist societies, xenophobia.",,,,,,,,,,,,,,,,,,,,,,,,,,,,,,,,,,,,,,,,,,,,,,,,,,
R_3oL6GTPDUJD3Z7I,bra,These are ideas that negatively reach some groups or person in society.,,,,,,,,,,,,,,,,,,,,,,,,,,,,,,,,,,,,,,,,,,,,,,,,,,
R_3L8EjCTN47RIUgN,bra,Personally offend someone when speaking directly to the offended person.,,,,,,,,,,,,,,,,,,,,,,,,,,,,,,,,,,,,,,,,,,,,,,,,,,
R_xctgPeAZqrloVuF,bra,"Speech is me to say what I think without caring, hate talking about something that is bothering me",,,,,,,,,,,,,,,,,,,,,,,,,,,,,,,,,,,,,,,,,,,,,,,,,,
R_2rUsWRRuDLxG34U,bra,Any apology to damage of any kind to people,,,,,,,,,,,,,,,,,,,,,,,,,,,,,,,,,,,,,,,,,,,,,,,,,,
R_2tEWGMGqHj5LoU3,bra,"Racism, religion, ethnicity, politics",,,,,,,,,,,,,,,,,,,,,,,,,,,,,,,,,,,,,,,,,,,,,,,,,,
R_12Fr8mElBk6NywS,bra,Offense or threats to physical integrity for reasons of prejudice,,,,,,,,,,,,,,,,,,,,,,,,,,,,,,,,,,,,,,,,,,,,,,,,,,
R_2Xpah0870SxchY4,bra,Racism,,,,,,,,,,,,,,,,,,,,,,,,,,,,,,,,,,,,,,,,,,,,,,,,,,
R_b1uu6d3EgKAMx8d,bra,Offenses directed to specific social segments.,,,,,,,,,,,,,,,,,,,,,,,,,,,,,,,,,,,,,,,,,,,,,,,,,,
R_OBwc0hRQY13z2Lv,bra,"Any kind of speech that produces serious offenses to any group, whether majority or minority.",,,,,,,,,,,,,,,,,,,,,,,,,,,,,,,,,,,,,,,,,,,,,,,,,,
R_3CU8H06KmUA3UOZ,bra,A nonsense nonsense.Their protagonists must be silent in the form of the law,,,,,,,,,,,,,,,,,,,,,,,,,,,,,,,,,,,,,,,,,,,,,,,,,,
R_1eVKtPChFs6D4Ef,bra,Incite acts of violence against peaceful people.,,,,,,,,,,,,,,,,,,,,,,,,,,,,,,,,,,,,,,,,,,,,,,,,,,
R_32VgLfcG3deNtt7,bra,"I believe that in a democracy, everyone has directly the expression of opinions",,,,,,,,,,,,,,,,,,,,,,,,,,,,,,,,,,,,,,,,,,,,,,,,,,
R_bdzL4Wg1LSTLYBz,bra,Lines or phrases that incite violence against groups or individuals.,,,,,,,,,,,,,,,,,,,,,,,,,,,,,,,,,,,,,,,,,,,,,,,,,,
R_12LkBZXC3Q8P69I,bra,Discourses that oppose existence or preach violence against a particular group,,,,,,,,,,,,,,,,,,,,,,,,,,,,,,,,,,,,,,,,,,,,,,,,,,
R_3KZsINShhIIFxBq,bra,Talk what you think to offend and humiliate,,,,,,,,,,,,,,,,,,,,,,,,,,,,,,,,,,,,,,,,,,,,,,,,,,
R_2WMa8cKPTK6WHVN,bra,What offends for no reason to another!,,,,,,,,,,,,,,,,,,,,,,,,,,,,,,,,,,,,,,,,,,,,,,,,,,
R_ZeOt75K0MCBcZKV,bra,"Something that directly threatens someone, encouraging crimes provided for in the law of the country in question",,,,,,,,,,,,,,,,,,,,,,,,,,,,,,,,,,,,,,,,,,,,,,,,,,
R_24v0H2CmKGRp2Fa,bra,Attack against specific groups of people.,,,,,,,,,,,,,,,,,,,,,,,,,,,,,,,,,,,,,,,,,,,,,,,,,,
R_1k09z65J4CJ1RUX,bra,That puts it at risk of another person,,,,,,,,,,,,,,,,,,,,,,,,,,,,,,,,,,,,,,,,,,,,,,,,,,
R_3iPcZk2kgUJhiFc,bra,Direct and feasible threat,,,,,,,,,,,,,,,,,,,,,,,,,,,,,,,,,,,,,,,,,,,,,,,,,,
R_3m1TBHIEygf6wgf,bra,Speeches that pay attention against the life of another.,,,,,,,,,,,,,,,,,,,,,,,,,,,,,,,,,,,,,,,,,,,,,,,,,,
R_UloH8gk0L95HWJr,bra,Hate speech is one who wants to shut up,,,,,,,,,,,,,,,,,,,,,,,,,,,,,,,,,,,,,,,,,,,,,,,,,,
R_2z91DGehv7k4fij,bra,Words that directly attack one person and or incite others to attack also,,,,,,,,,,,,,,,,,,,,,,,,,,,,,,,,,,,,,,,,,,,,,,,,,,
R_2roqMeXx4NZRTyU,bra,Speech in whom someone instigates a crime that can physically hurt someone,,,,,,,,,,,,,,,,,,,,,,,,,,,,,,,,,,,,,,,,,,,,,,,,,,
R_cBAhigzFgVqL0wV,bra,Discourse that encourages violence and the exclusion of minorities,,,,,,,,,,,,,,,,,,,,,,,,,,,,,,,,,,,,,,,,,,,,,,,,,,
R_02FqhyWpRV6RIHf,bra,Persecution and constant harassment against certain groups of people,,,,,,,,,,,,,,,,,,,,,,,,,,,,,,,,,,,,,,,,,,,,,,,,,,
R_2uBOEcSynddyrN9,bra,Speeches that effectively promote violence against some specific group.,,,,,,,,,,,,,,,,,,,,,,,,,,,,,,,,,,,,,,,,,,,,,,,,,,
R_2v96MJpBsJC1XPB,bra,"A speech that is based on an adhominen that extends to an entire category of people, and in which this category is historically discriminated against",,,,,,,,,,,,,,,,,,,,,,,,,,,,,,,,,,,,,,,,,,,,,,,,,,
R_1CjNnEyBsjBxtDL,bra,"Saying something that is a lie, in relation to religion, ethnicity, social condition, and political, because when it comes to VDD can not be considered hate speech, ex that ""black"" boy ""is very"" fat "", if ifThis is VDD, not and hate speech is simply the reality",,,,,,,,,,,,,,,,,,,,,,,,,,,,,,,,,,,,,,,,,,,,,,,,,,
R_2w01bVrwSS7KHZG,bra,"Speech that defends the extermination of certain groups, especially if it is a subaltern group to some extent.Speech against existence and in favor of violent measures in relation to a particular group.",,,,,,,,,,,,,,,,,,,,,,,,,,,,,,,,,,,,,,,,,,,,,,,,,,
R_b8CKlSHpdPJ5Jw5,bra,"The definition of expressing opinions that directly attacked the rights of the victim of living in his total freedom, taking into account the same parameters to her.A certain harmony between the freedom and the personal integrity of people must always be preserved.",,,,,,,,,,,,,,,,,,,,,,,,,,,,,,,,,,,,,,,,,,,,,,,,,,
R_2wmYcSPyj9BoZ4n,bra,"In responding to this research, I considered ""hate speech"" any speech that refers to crimes against the constitution or human rights.",,,,,,,,,,,,,,,,,,,,,,,,,,,,,,,,,,,,,,,,,,,,,,,,,,
R_qRbFbaxZBFD6cCZ,bra,"I consider hate speech when the person wants the death of another for disagreeing with her, regardless of political positioning or other characteristics.",,,,,,,,,,,,,,,,,,,,,,,,,,,,,,,,,,,,,,,,,,,,,,,,,,
R_aaDMh2PiJdvAbbX,bra,"Speechs that attack people for their beliefs, sexuality, race or others, purposely insulting.",,,,,,,,,,,,,,,,,,,,,,,,,,,,,,,,,,,,,,,,,,,,,,,,,,
R_3iQr6nhiCGCYIMv,bra,"The hate speech he is at the moment people encourage violence, disrespect for people's rights even to exist, encouraging racial, religious, sexual orientation against indigenous peoples.",,,,,,,,,,,,,,,,,,,,,,,,,,,,,,,,,,,,,,,,,,,,,,,,,,
R_297i0OyOvpbgcTY,bra,"Heavy offenses against one's race, sex or sexual orientation, often accompanied by threat",,,,,,,,,,,,,,,,,,,,,,,,,,,,,,,,,,,,,,,,,,,,,,,,,,
R_12KcSHwSmQ8SPNw,bra,"A violent speech, inciting hate, which offends and diminishes certain groups of people.Individuals who use this speech do not accept that other people think differently",,,,,,,,,,,,,,,,,,,,,,,,,,,,,,,,,,,,,,,,,,,,,,,,,,
R_2s0X3s7YNYYYnrc,bra,"When it directly threatens a person's physical integrity.Saying that a person should die or catch up is hate speech.Cursement of Bicha, Donkey, Heterotop, toxic male, slut, minion, fascist, Nazi, etc., although offensive, it is not hate speech.",,,,,,,,,,,,,,,,,,,,,,,,,,,,,,,,,,,,,,,,,,,,,,,,,,
R_2fkbuNpln5pkbfj,bra,Hate speech is when someone openly exposes your contempt and repudiation against one or a group of people,,,,,,,,,,,,,,,,,,,,,,,,,,,,,,,,,,,,,,,,,,,,,,,,,,
R_1d6IZ8MjzrlFC3L,bra,"Something that attacks (severely) the physical and psychological integrity of an individual or group, especially minority",,,,,,,,,,,,,,,,,,,,,,,,,,,,,,,,,,,,,,,,,,,,,,,,,,
R_9KVQLGivSvOhChj,bra,"Hate speech is just what the group I don't like says.No matter what is said, but who says",,,,,,,,,,,,,,,,,,,,,,,,,,,,,,,,,,,,,,,,,,,,,,,,,,
R_1IQJbzRiTgOAaj8,bra,"Each country has its legislation that defends rights and limits.In social networks conversations are among several countries, in each different legislation.The only thing that cannot happen is the social network is not any place, a landless land.If there is international communication, international rules need and social media must respect them.",,,,,,,,,,,,,,,,,,,,,,,,,,,,,,,,,,,,,,,,,,,,,,,,,,
R_bxBN9dtYWnP0FFv,bra,"The moment I define what is ""hate speech"" I create the chance for another to define it for me.",,,,,,,,,,,,,,,,,,,,,,,,,,,,,,,,,,,,,,,,,,,,,,,,,,
R_3lMQldwkacsPTrt,bra,"A speech that endangers the physical integrity of a person, such as direct threats or exposure of personal data.",,,,,,,,,,,,,,,,,,,,,,,,,,,,,,,,,,,,,,,,,,,,,,,,,,
R_1LFJvAIT1v85frV,bra,"Racism, offenses of all kinds to genres, political-party positions, any kind of religion and race.",,,,,,,,,,,,,,,,,,,,,,,,,,,,,,,,,,,,,,,,,,,,,,,,,,
R_3gGPHR5yg4uvgo9,bra,"Generalized offense of a group just for a bad experience with this group or divergence of opinions, not wanting to understand the other side and vice versa.",,,,,,,,,,,,,,,,,,,,,,,,,,,,,,,,,,,,,,,,,,,,,,,,,,
R_3R1oofaYJgi5uPW,bra,"A type of aggressive discourse that characterizes racism, class hate, machismo, xenophobia, homophobia and other forms of social exclusion, discrimination and oppression.",,,,,,,,,,,,,,,,,,,,,,,,,,,,,,,,,,,,,,,,,,,,,,,,,,
R_1H0pND2RPSq1mZC,bra,"The act of expressing itself that leads the listener/reader to hate what is the target of the message.Ex: German Nazi discourse is a discourse that incites hatred to not ""Aryan"";The communist/Marxist discourse incites hatred against the bourgeoisie.  These are extreme situations that lead the target of discourse to death or marginalization of society.In this case there are no situations that simply ""offend"" the reader/listener.",,,,,,,,,,,,,,,,,,,,,,,,,,,,,,,,,,,,,,,,,,,,,,,,,,
R_1eWTFMgWRPM7XCk,bra,"Hate discourse is a manifestation of ideas that incite racial, social or religious discrimination in certain groups of people, 'most of the time the minorities' ...",,,,,,,,,,,,,,,,,,,,,,,,,,,,,,,,,,,,,,,,,,,,,,,,,,
R_3j20fBDLJoL4YSj,bra,I think feeling hatred for what is explicitly wrong or marginals and communists is naturally correct.How not to hate what only brings misfortunes ???,,,,,,,,,,,,,,,,,,,,,,,,,,,,,,,,,,,,,,,,,,,,,,,,,,
R_2XamsltLxY4xrhg,bra,When a person directly or indirectly offends others for their opinions and their guidelines.,,,,,,,,,,,,,,,,,,,,,,,,,,,,,,,,,,,,,,,,,,,,,,,,,,
R_231XEiOQNAdcHo3,bra,"Hate speech would be to offend the race, family, religion, and the way the person lives, be it man, woman or other classes: gays, lesbians, etc.",,,,,,,,,,,,,,,,,,,,,,,,,,,,,,,,,,,,,,,,,,,,,,,,,,
R_3NHQcvTe5W7u7AW,bra,"Let anyone define what is hate speech, it enables this person to define what can or can not be said.Enables sensura.Everything can be covered by hate speech, nothing can be considered hate speech.Reality does not care about our feelings.",,,,,,,,,,,,,,,,,,,,,,,,,,,,,,,,,,,,,,,,,,,,,,,,,,
R_PU6fIQ2yinbegi5,bra,"Phrases that are offensive not to feelings or opinions, but to the intrinsic ""characteristics"" of a person.",,,,,,,,,,,,,,,,,,,,,,,,,,,,,,,,,,,,,,,,,,,,,,,,,,
R_27CokAxXGckmzDW,bra,"Speech degrading a social group, which, if the correct measures are not taken, may become a nightmare in the lives of these minority groups.",,,,,,,,,,,,,,,,,,,,,,,,,,,,,,,,,,,,,,,,,,,,,,,,,,
R_2pX0QiY1FavOH8a,bra,"Hate speech, in my view, refers to discourses that promote the segregation and persecution of a society.These are actions of people who demonstrate a bias in dealing with what is unknown or different.He is a frightened person who attacks for fear of the contradictory.  Today we see a part of our society, which already has wide coverage of laws to maintain the order on offenses via the internet, demanding more control over freedoms just for not agreeing with what the other side says, and this is a dangerous and withoutReturns to totalitarianism about the opinion of the Brazilian.",,,,,,,,,,,,,,,,,,,,,,,,,,,,,,,,,,,,,,,,,,,,,,,,,,
R_3nPnZtnrmJG483i,bra,"Free threats against people or groups of people based on race (or ethnicity), religious belief, country of origin, sexual orientation and other characteristics.",,,,,,,,,,,,,,,,,,,,,,,,,,,,,,,,,,,,,,,,,,,,,,,,,,
R_25uTfj08a5wB7aN,bra,"When people are offended or threatened because they are who they are, have their opinion, exercise their individual freedom",,,,,,,,,,,,,,,,,,,,,,,,,,,,,,,,,,,,,,,,,,,,,,,,,,
R_2ByeuVQI6P8nrpb,bra,"Something that threatens life or physical integrity directly from one person, or incites others to cause physical damage to others.",,,,,,,,,,,,,,,,,,,,,,,,,,,,,,,,,,,,,,,,,,,,,,,,,,
R_3EWpG1UMeuIL8e6,bra,"Express desire to deprive each other from basic rights to life, dignity and persecution of happiness",,,,,,,,,,,,,,,,,,,,,,,,,,,,,,,,,,,,,,,,,,,,,,,,,,
R_2PuH9oleeEjABC4,bra,"When you express your opinion, your ethics so that it attacks the other, without being guilty of being descent, gay, etc.Those considered the minority.You know that the person is already marginalized by the majority and helps to step more.",,,,,,,,,,,,,,,,,,,,,,,,,,,,,,,,,,,,,,,,,,,,,,,,,,
R_2tG7kxILDUqvMWN,bra,"Hate is when a person defeats words and gestures to a specific person, or groups to which that person belongs.For example: blacks, Jews, northeastern, Asians.",,,,,,,,,,,,,,,,,,,,,,,,,,,,,,,,,,,,,,,,,,,,,,,,,,
R_22Y5CV61UXLcP9h,bra,"""Anything that offends me is hate speech, and"" nothing I post ""is hate speech.There is no ""hate speech"" itself, it will always be relative, dependent on who speaks is whom he speaks.",,,,,,,,,,,,,,,,,,,,,,,,,,,,,,,,,,,,,,,,,,,,,,,,,,
R_3PTOvNeRnKbzFya,bra,"This is an idiocy that progressive dictators, dressed as democrats, use to impose their tyranny and silence conservatives.The detail is that for them, the ""speech"" is entitled ""Hate of Good"".Like this?????",,,,,,,,,,,,,,,,,,,,,,,,,,,,,,,,,,,,,,,,,,,,,,,,,,
R_3h4sZ6BPQFpPdJo,bra,Discourse that incites violence or reinforces stereotypes harmful to groups (indirectly encouraging violence against them),,,,,,,,,,,,,,,,,,,,,,,,,,,,,,,,,,,,,,,,,,,,,,,,,,
R_z71i64Fvk4Yz1QZ,bra,"For me, the person has to speak openly that he hates something or someone or a situation.It has to be literal.",,,,,,,,,,,,,,,,,,,,,,,,,,,,,,,,,,,,,,,,,,,,,,,,,,
R_4Ynt8onfy6yNm1j,bra,"The discourse of hatred is one in which it is encouraged disrespect to the other and his opinions, raising verbal aggressions to the individual who participates in a debate without respecting his opinion.",,,,,,,,,,,,,,,,,,,,,,,,,,,,,,,,,,,,,,,,,,,,,,,,,,
R_3D5T14IoMpfyVTZ,bra,"Everything that incites violence or is expressed aggressively or irrationally. Incite crimes, offensive or disrespectful speeches.",,,,,,,,,,,,,,,,,,,,,,,,,,,,,,,,,,,,,,,,,,,,,,,,,,
R_2P0gK3HXcqfQSY1,bra,"Any offense directed to ethnicity, beliefs, gender, political party, social condition, physical appearance, degree of instruction, that is, every discourse that separates human beings for these reasons.",,,,,,,,,,,,,,,,,,,,,,,,,,,,,,,,,,,,,,,,,,,,,,,,,,
R_3CNnG4Olt8negkK,bra,"There is no hate speech, it is an invention of weak people, who has the intention of forcing others to submit to their will.",,,,,,,,,,,,,,,,,,,,,,,,,,,,,,,,,,,,,,,,,,,,,,,,,,
R_295quEedrqcQiAw,bra,"Currently, ""Hate Speech"" is used as a label to stigmatize any opinion contrary to the labelor's opinion.The true ""hate speech"" is very rare.",,,,,,,,,,,,,,,,,,,,,,,,,,,,,,,,,,,,,,,,,,,,,,,,,,
R_28XQBPwcptY5bPH,bra,"Speech that incites and promotes the impossibility of existence of a particular line of thought, group or person.That clearly at physical and moral risk the existence of someone",,,,,,,,,,,,,,,,,,,,,,,,,,,,,,,,,,,,,,,,,,,,,,,,,,
R_3EnxudwhtsJLSSe,bra,And the one who goes beyond just doesn't like something.Do not respect the other and your idea or way of being different from yours.,,,,,,,,,,,,,,,,,,,,,,,,,,,,,,,,,,,,,,,,,,,,,,,,,,
R_rcGnCxMYQEy5T6V,bra,As you wrote is not hate speech.Typed or written by hand.My participation is like your,,,,,,,,,,,,,,,,,,,,,,,,,,,,,,,,,,,,,,,,,,,,,,,,,,
R_25YI4ChGOMaT6nh,bra,"A dangerous concept because it is very vague and gives people a ""justification"" to control/master other people.",,,,,,,,,,,,,,,,,,,,,,,,,,,,,,,,,,,,,,,,,,,,,,,,,,
R_AEGdvg8CzHwusQ9,bra,"Apology for violence with animals and human beings, apology for religious intolerance and against minorities, different ethnicities and different sexual option",,,,,,,,,,,,,,,,,,,,,,,,,,,,,,,,,,,,,,,,,,,,,,,,,,
R_ZCyL2rbu41UHDVf,bra,"Hate speech is any idea that encourages discrimination, whatever it may be, or that offend another person directly.",,,,,,,,,,,,,,,,,,,,,,,,,,,,,,,,,,,,,,,,,,,,,,,,,,
R_2zc2x14nNy3x6M5,bra,"Discourse that dehumanizes a certain portion of the population and undemocratic discourse. In my view, a discourse that dehumanizes is one that puts part as inferior, deserving less rights or even extermination or any violence.Clear examples are: apology for Nazism, racism and xenophobia.However, in Brazil there is a lot of political hatred today, with immense polarization.There was even extreme case, such as that of a man who shot in an opposition voter on his own birthday.  More difficult to define is undemocratic discourse, because both sides have a different view of what is harmful to democracy.A big problem in our country is fake news: lies deliberately elaborated to destabilize the democratic rule of law institutions, manipulating the opinion of masses, which are brought back by pernicious and liars' discourses.Just see what circulates through social networks ... such as the case of people in demonstrations for federal intervention who celebrated the issuance of the arrest warrant of the minister of Supreme Alexandre de Moraes, when he was never even considered by the authorities.There was not even motivation for that.In my view, this kind of thing harms democracy and political debate in general.Creates hatred and polarization.",,,,,,,,,,,,,,,,,,,,,,,,,,,,,,,,,,,,,,,,,,,,,,,,,,
R_3IXq3RsQGumtjYY,bra,How much there is a declaration that threatens the physical integrity of a specific person or a certain social group.,,,,,,,,,,,,,,,,,,,,,,,,,,,,,,,,,,,,,,,,,,,,,,,,,,
R_ZxT8TC7zuKjHLI5,bra,"Radical intolerance to the various existing opinions, and what makes hate speech is the owner of the truth and still suffers from God's syndrome, thinking that he would be the almighty capable of solving everything radically.",,,,,,,,,,,,,,,,,,,,,,,,,,,,,,,,,,,,,,,,,,,,,,,,,,
R_vV9hzX338gHvlcd,bra,Something absolutely subjective.No one is responsible for what the other can feel or think.Therefore it is not possible to accurately define what this discourse of hatred would be.,,,,,,,,,,,,,,,,,,,,,,,,,,,,,,,,,,,,,,,,,,,,,,,,,,
R_7TzAvqQdGRsIrT3,bra,"Clowning!Those who preach this want a way to be able to control people's opinions, more specifically, opinions contrary to their own.",,,,,,,,,,,,,,,,,,,,,,,,,,,,,,,,,,,,,,,,,,,,,,,,,,
R_ywOLtX0PIZe70Jj,bra,"Expression of opinion violently, offensive and intolerant, attacking and disrespecting those who think differently from the other in a public form, generating a social embarrassment.",,,,,,,,,,,,,,,,,,,,,,,,,,,,,,,,,,,,,,,,,,,,,,,,,,
R_3wTKHlfneeurfcl,bra,Hate speech is when the person offends in a criminal or very malicious way.But I do not consider hate speech when one person is hasty with another disagreeing with his opinion.,,,,,,,,,,,,,,,,,,,,,,,,,,,,,,,,,,,,,,,,,,,,,,,,,,
R_1poIpUYWnBexRP5,bra,"Hate discourse is characterized when speech spread that aims to oppress, exclude or even extinguish certain groups.",,,,,,,,,,,,,,,,,,,,,,,,,,,,,,,,,,,,,,,,,,,,,,,,,,
R_DB1jMbrom36dMI1,bra,Hate speech would be a type of advertising or speech that preaches extermination or that more people offend a certain group or individual.,,,,,,,,,,,,,,,,,,,,,,,,,,,,,,,,,,,,,,,,,,,,,,,,,,
R_2ah10zQC3iz45VA,bra,Freedom of expression is very important!I think threatening a death person constantly must investigate so that evil does not happen!Other than that let it roll!Because it has happened that I was forbidden to write the famous word Luladron!I'm just telling the truth right?The corrupt system has to be banned because they elected a convict!My president will always be Bolsonaro üáßüá∑ and live freedom of expression üëèüëèüëè,,,,,,,,,,,,,,,,,,,,,,,,,,,,,,,,,,,,,,,,,,,,,,,,,,
R_3lRAD3nIXsHkoLB,bra,"Speech against a group of people (a minority, for example), inciting violent actions against people",,,,,,,,,,,,,,,,,,,,,,,,,,,,,,,,,,,,,,,,,,,,,,,,,,
R_1JWurUROfu2GJgh,bra,Hate Speech is a tool used to censor people.Freedom of expression must prevail.,,,,,,,,,,,,,,,,,,,,,,,,,,,,,,,,,,,,,,,,,,,,,,,,,,
R_1Ld0SPOnBvX9VV8,bra,"Discourses that denigrate the image, social, political and religious beliefs or that in a way threaten people",,,,,,,,,,,,,,,,,,,,,,,,,,,,,,,,,,,,,,,,,,,,,,,,,,
R_e4BAVPW6xQSSwDv,bra,"Hate speech is something that attacks a person or group of people, minorities or not.Hate speech is not always necessarily a crime",,,,,,,,,,,,,,,,,,,,,,,,,,,,,,,,,,,,,,,,,,,,,,,,,,
R_XhMjRerwmtgtdGF,bra,"Discourse against opinion, usually categorized by childish people who do not accept the opposite opinion",,,,,,,,,,,,,,,,,,,,,,,,,,,,,,,,,,,,,,,,,,,,,,,,,,
R_22PxdQJLn9GptTi,bra,"Speech that possibly incurred physical aggressions, slander about minority members (eg ""the LGBT movement supports pedophilia""), vandalism against minority ownership, hate gang formation, fascist and neo -Nazi propaganda distribution, actsof terrorism, coup attempts and genocide attempts to be popularized.",,,,,,,,,,,,,,,,,,,,,,,,,,,,,,,,,,,,,,,,,,,,,,,,,,
R_1fefvgY2mMJ4DbE,bra,Extreme intolerance to a lifestyle or way of thinking specific (except for those who in essence encourage crimes or intolerance itself).,,,,,,,,,,,,,,,,,,,,,,,,,,,,,,,,,,,,,,,,,,,,,,,,,,
R_7PWgmCU4LKoTtOF,col,A speech that presents real threats and puts the safety of personias at risk,,,,,,,,,,,,,,,,,,,,,,,,,,,,,,,,,,,,,,,,,,,,,,,,,,
R_3oSElutjTQIzWIi,col,direct threats.,,,,,,,,,,,,,,,,,,,,,,,,,,,,,,,,,,,,,,,,,,,,,,,,,,
R_31GfbwI4Vx8wBb3,col,Text that promotes physical violence against people or institutions.,,,,,,,,,,,,,,,,,,,,,,,,,,,,,,,,,,,,,,,,,,,,,,,,,,
R_2YXlNNm78pg3358,col,Disqualifying statements that even endanger the lives of people,,,,,,,,,,,,,,,,,,,,,,,,,,,,,,,,,,,,,,,,,,,,,,,,,,
R_3MKlvLeizxFabXU,col,When it attacks other people for their way of thinking,,,,,,,,,,,,,,,,,,,,,,,,,,,,,,,,,,,,,,,,,,,,,,,,,,
R_3kFgJLCf7A3WkCb,col,When it is attentive against the integrity of people.,,,,,,,,,,,,,,,,,,,,,,,,,,,,,,,,,,,,,,,,,,,,,,,,,,
R_31FUCfUZrVPhGwZ,col,When he is attacker at any point,,,,,,,,,,,,,,,,,,,,,,,,,,,,,,,,,,,,,,,,,,,,,,,,,,
R_3kOeFTaMBaSye2D,col,The one who intends to do damage to the person or attentive to life,,,,,,,,,,,,,,,,,,,,,,,,,,,,,,,,,,,,,,,,,,,,,,,,,,
R_2QyQsI8MR4H2b3D,col,Hate discourse is that unpleasant and disrespectful opinion on any subject,,,,,,,,,,,,,,,,,,,,,,,,,,,,,,,,,,,,,,,,,,,,,,,,,,
R_2YKwGbDiQCYaWSk,col,Threatening.,,,,,,,,,,,,,,,,,,,,,,,,,,,,,,,,,,,,,,,,,,,,,,,,,,
R_2fkRcb61anjkXgD,col,Attack and aggression,,,,,,,,,,,,,,,,,,,,,,,,,,,,,,,,,,,,,,,,,,,,,,,,,,
R_1jjJvI4vuaisMfI,col,That threatens people's physical and mental integrity.,,,,,,,,,,,,,,,,,,,,,,,,,,,,,,,,,,,,,,,,,,,,,,,,,,
R_vZg7Kg2i8X5mwIp,col,"Aggressive, challenging, lacking ethics",,,,,,,,,,,,,,,,,,,,,,,,,,,,,,,,,,,,,,,,,,,,,,,,,,
R_32YisSIxLtUmu8x,col,"The one who despises opinions, positions or identities, and cries out for his violent extinction",,,,,,,,,,,,,,,,,,,,,,,,,,,,,,,,,,,,,,,,,,,,,,,,,,
R_ApqotnppDYckUIp,col,When he starts insulting and getting something personal,,,,,,,,,,,,,,,,,,,,,,,,,,,,,,,,,,,,,,,,,,,,,,,,,,
R_bNn730lkJC2Q9m9,col,Manifestation of personal dissatisfaction,,,,,,,,,,,,,,,,,,,,,,,,,,,,,,,,,,,,,,,,,,,,,,,,,,
R_3lKy5M5osvC8YVs,col,"When it is aggressive, threatening, use insulting words, rude, liars.",,,,,,,,,,,,,,,,,,,,,,,,,,,,,,,,,,,,,,,,,,,,,,,,,,
R_1dylHWScKQsgww6,col,It is done with the intention of damaging the other,,,,,,,,,,,,,,,,,,,,,,,,,,,,,,,,,,,,,,,,,,,,,,,,,,
R_2tGtfDrpZoJtqoy,col,I don't know,,,,,,,,,,,,,,,,,,,,,,,,,,,,,,,,,,,,,,,,,,,,,,,,,,
R_25WMh0k5qiwevsI,col,"I define it as a way of doing evil to the person, whether physical or psychologically.",,,,,,,,,,,,,,,,,,,,,,,,,,,,,,,,,,,,,,,,,,,,,,,,,,
R_302h5ilhXPKvQvp,col,Exclude and condemn punishment,,,,,,,,,,,,,,,,,,,,,,,,,,,,,,,,,,,,,,,,,,,,,,,,,,
R_PvQFjKMlBRA9DEt,col,"It affects human dignity, looking for alternatives, non -destructive constructive criticisms.",,,,,,,,,,,,,,,,,,,,,,,,,,,,,,,,,,,,,,,,,,,,,,,,,,
R_xzUQdYQFLjjLJKh,col,The one who offends and manages the opinion of another directly.,,,,,,,,,,,,,,,,,,,,,,,,,,,,,,,,,,,,,,,,,,,,,,,,,,
R_2QzBvd6NxXIeD2B,col,I don't know how to do offensive speeches.,,,,,,,,,,,,,,,,,,,,,,,,,,,,,,,,,,,,,,,,,,,,,,,,,,
R_XLO5xKQkgxZw2Z3,col,I better not think,,,,,,,,,,,,,,,,,,,,,,,,,,,,,,,,,,,,,,,,,,,,,,,,,,
R_4NuCKhiVRzsbXMJ,col,When the subject has a fixed look but baga,,,,,,,,,,,,,,,,,,,,,,,,,,,,,,,,,,,,,,,,,,,,,,,,,,
R_3eruK7ZjRV7NpLD,col,When accusations or acts are made that invite irrational violence and without arguments.,,,,,,,,,,,,,,,,,,,,,,,,,,,,,,,,,,,,,,,,,,,,,,,,,,
R_78P7ODOOZuVtjxf,col,Do not respect the opinion of others and with offncing words mention and insult you,,,,,,,,,,,,,,,,,,,,,,,,,,,,,,,,,,,,,,,,,,,,,,,,,,
R_vGDaoYiiwUTugUN,col,In which expressions are used where bad or abuse things are desired,,,,,,,,,,,,,,,,,,,,,,,,,,,,,,,,,,,,,,,,,,,,,,,,,,
R_3RvZmYou9G4Dpl4,col,As a speech against minorities.,,,,,,,,,,,,,,,,,,,,,,,,,,,,,,,,,,,,,,,,,,,,,,,,,,
R_2BrGP0Tfe6l22sl,col,Hate discourse encourages others to take actions beyond respect for legal norms,,,,,,,,,,,,,,,,,,,,,,,,,,,,,,,,,,,,,,,,,,,,,,,,,,
R_1jwECuXjCWT3iWG,col,An attack on the integrity of people,,,,,,,,,,,,,,,,,,,,,,,,,,,,,,,,,,,,,,,,,,,,,,,,,,
R_1M0bbWOtXpGKlMZ,col,freedom of expression,,,,,,,,,,,,,,,,,,,,,,,,,,,,,,,,,,,,,,,,,,,,,,,,,,
R_3Pt0a6P1Zso75Kc,col,Invaluable,,,,,,,,,,,,,,,,,,,,,,,,,,,,,,,,,,,,,,,,,,,,,,,,,,
R_9SLu9SoBBlUog9P,col,What I think of what happens in the country or what I don't like,,,,,,,,,,,,,,,,,,,,,,,,,,,,,,,,,,,,,,,,,,,,,,,,,,
R_1qURGgTNrxpcGzI,col,"Message loaded with resentment, mockery, lack of empathy and respect.",,,,,,,,,,,,,,,,,,,,,,,,,,,,,,,,,,,,,,,,,,,,,,,,,,
R_1OIiU4X1MTzGMUc,col,A speech that is harmful towards the individual characteristics of others,,,,,,,,,,,,,,,,,,,,,,,,,,,,,,,,,,,,,,,,,,,,,,,,,,
R_2Sdz3NGikNbCqgV,col,Something that is directed to another in a negative and harmful way.,,,,,,,,,,,,,,,,,,,,,,,,,,,,,,,,,,,,,,,,,,,,,,,,,,
R_2ydrM0CrgcVVyUl,col,He who does not respect the rights of the other.Whatever is offensive and unilateral,,,,,,,,,,,,,,,,,,,,,,,,,,,,,,,,,,,,,,,,,,,,,,,,,,
R_AoC81HaUoHHD5dL,col,"Hate is synonymous with impotence, silence, abuse.",,,,,,,,,,,,,,,,,,,,,,,,,,,,,,,,,,,,,,,,,,,,,,,,,,
R_2dhEOKVu1fNEk9K,col,A destructive discourse that implies emotionality in an acritic way obeying purely passionate impulses and without measuring the consequences that it can have on who receives it,,,,,,,,,,,,,,,,,,,,,,,,,,,,,,,,,,,,,,,,,,,,,,,,,,
R_reXgj9hzSMnwOOJ,col,"For me, a speech of hate is a message that encourages to attempt against the physical and mental integrity of other individuals, which promulgates rejection and discrimination against an individual because of their socio -economic, sex, gender, sexual orientation, ethnicity, nationality, nationality, nationality,aesthetics and among other things.However, it seems important to highlight that the healthy debate and constructive criticism of hate discourse are known, since this can be provided to censor even when you want to talk about issues with an intention for nothing destructive.",,,,,,,,,,,,,,,,,,,,,,,,,,,,,,,,,,,,,,,,,,,,,,,,,,
R_zVcVCSJF6D8N9pT,col,"When the person verbally is assaulted, they violate their rights, and also threatens, but it continues or believes an opinion or belief.",,,,,,,,,,,,,,,,,,,,,,,,,,,,,,,,,,,,,,,,,,,,,,,,,,
R_2Sfx7Dthh9PNuue,col,It is a communication style that attacks or defends itself of constituted concepts and indoctrination. In large number of percentage by fanatic and rigid people. That lack an open mind and arranged to criticism or change. Very dogmatic.,,,,,,,,,,,,,,,,,,,,,,,,,,,,,,,,,,,,,,,,,,,,,,,,,,
R_2Vs8VXkDVIlfW9q,col,"Hate discourse is one that directly attacks the integrity of the person, violating what is as human being and incurring directly to their beliefs, origin, thoughts, etc.",,,,,,,,,,,,,,,,,,,,,,,,,,,,,,,,,,,,,,,,,,,,,,,,,,
R_3ivZVNzNq2ZmOKp,col,"When there is a direct discrimination to a specific person or race group either because of their political, sexual, religious preferences or by belonging to a special region by directing offensively, violent, or with verbal aggressions, or derogatory images",,,,,,,,,,,,,,,,,,,,,,,,,,,,,,,,,,,,,,,,,,,,,,,,,,
R_2BnsTUwpkUluyzE,col,"The one who attacks or mocks grotesque by rejecting other people for their religion, political ideas, nationality, skin color, sexual preferences ...",,,,,,,,,,,,,,,,,,,,,,,,,,,,,,,,,,,,,,,,,,,,,,,,,,
R_3CUi61XwMdfZdLR,col,It is a speech in which the resentment towards a certain fact or situation leads to the promotion of animosity towards the pamper.,,,,,,,,,,,,,,,,,,,,,,,,,,,,,,,,,,,,,,,,,,,,,,,,,,
R_1jp7vkevLkqASCF,col,"When he is looking forward to the death of the person, for example, the example of the truck, that if it is really hateful, there are violent but they are not hate, only when the worst people are wished, it is hateful.",,,,,,,,,,,,,,,,,,,,,,,,,,,,,,,,,,,,,,,,,,,,,,,,,,
R_sbQ9BFFLS411KWR,col,"The one who injures the identity of another in aspects such as race, socioeconomic stratum, gender, physical features, beliefs and ideology",,,,,,,,,,,,,,,,,,,,,,,,,,,,,,,,,,,,,,,,,,,,,,,,,,
R_sUnrJujnApoE1MZ,col,"It implies doing physical, psychological and/or moral damage to another by certain characteristics or life postures",,,,,,,,,,,,,,,,,,,,,,,,,,,,,,,,,,,,,,,,,,,,,,,,,,
R_9sFSZ6rApvVPN9T,col,Hate discourse is a speech that encourages to harm a person or community so they are,,,,,,,,,,,,,,,,,,,,,,,,,,,,,,,,,,,,,,,,,,,,,,,,,,
R_BtA5WtnaN8Ie8QV,col,It is one that encourages the irrational rejection of others for the sole reason of not being similar to me.We must be clear that we all have the right to be different but that this difference is administered so that it does not offend others so that it is also respected.,,,,,,,,,,,,,,,,,,,,,,,,,,,,,,,,,,,,,,,,,,,,,,,,,,
R_3PGGA7MDLpByr08,col,A hate speech is to give his opinion in disagreement and becoming offensive for the other person and sometimes out of place,,,,,,,,,,,,,,,,,,,,,,,,,,,,,,,,,,,,,,,,,,,,,,,,,,
R_1K9J1MTPkTNlKOp,col,"Destructive criticism that threatens the life, dignity and security of people, animals and material constructions.",,,,,,,,,,,,,,,,,,,,,,,,,,,,,,,,,,,,,,,,,,,,,,,,,,
R_3hG5mbNNPpZxqAP,col,Those who go directly to a person with very direct very direct words and tone ups,,,,,,,,,,,,,,,,,,,,,,,,,,,,,,,,,,,,,,,,,,,,,,,,,,
R_23TXbsVIwQcZ6fB,col,Words that reflect the intention of harming or destroying the integrity or symbolism of a person or system.,,,,,,,,,,,,,,,,,,,,,,,,,,,,,,,,,,,,,,,,,,,,,,,,,,
R_uh4vBkacbl7zlQt,col,Everyone has the right to express their thoughts within a framework of respect for others,,,,,,,,,,,,,,,,,,,,,,,,,,,,,,,,,,,,,,,,,,,,,,,,,,
R_2sRNeARTygyy3SN,col,"The one who seeks to offend the other, relying on his own perception or argument, regardless of the emotional or social consequences that his message contains.",,,,,,,,,,,,,,,,,,,,,,,,,,,,,,,,,,,,,,,,,,,,,,,,,,
R_3oGDqYmp9jPbTNo,col,"Speeches that intend to criminalize those who are different from them, by their gender, orientation or origin.Threats and signs",,,,,,,,,,,,,,,,,,,,,,,,,,,,,,,,,,,,,,,,,,,,,,,,,,
R_2y3gc47IIIW0cFq,col,"Offensive, oppressive, insulting speech, without respect, can be criticized but with respect, we do not always agree but we must tolerate.",,,,,,,,,,,,,,,,,,,,,,,,,,,,,,,,,,,,,,,,,,,,,,,,,,
R_3FUKPgpRwP0KUpO,col,"For me it is the one who threatens life, against security, against the integrity of a person, a group or a society.",,,,,,,,,,,,,,,,,,,,,,,,,,,,,,,,,,,,,,,,,,,,,,,,,,
R_1FrK8RF6LN4g9PY,col,Subtle threats and expressed against their religion their social status his political ideology can be expressed without disturbing the other the other is myself.,,,,,,,,,,,,,,,,,,,,,,,,,,,,,,,,,,,,,,,,,,,,,,,,,,
R_12EcjpM1gPvXbXC,col,"When voluntarily attacks a person ridiculing, offending and being rude in some way.",,,,,,,,,,,,,,,,,,,,,,,,,,,,,,,,,,,,,,,,,,,,,,,,,,
R_27Wljg9hHwVdfjL,col,"Use certain and punctual terms, phrases focused on misinforming, bullying in any circumstance.Languages and sectarian people that invite punishable behaviors should be restricted.Before addressing a social network, people must know their limitations, implicit responsibility must regulate the State as minimum requirements of social networks, freedom of expression must be subject to sanctions.If people incur in injury and slander disguising their freedom of expression, they must be educated, so that they relieve in spaces different from those of public access, promulgate lies must be a crime, a great crime, of Talanera, that people, before writing, transmit, manifest, think about it.Personally I do not read, I do not support, I do not listen to anything that promotes hatred, discrimination, misinformation.At this point in my life, distinguish and interpret messages and keep distance, with everything that is not assertive and not contribute to society, peaceful, ideal solutions.And I am very clear that everyone, we must assume the consequences of our behavior.",,,,,,,,,,,,,,,,,,,,,,,,,,,,,,,,,,,,,,,,,,,,,,,,,,
R_2uWfjkG5lxccu1q,col,"Well, as something that is noticed that is said in order to offend or less prize the ideas or thought of someone",,,,,,,,,,,,,,,,,,,,,,,,,,,,,,,,,,,,,,,,,,,,,,,,,,
R_12M60dDzGmQbr72,col,That attempts against all personal verbal aggression and against animal human integrity or that constitutes nature or life in general.,,,,,,,,,,,,,,,,,,,,,,,,,,,,,,,,,,,,,,,,,,,,,,,,,,
R_1NfSQI9QVjBsKnt,col,Abuse people for their skin color and for their physique or for their work and also influence vocabulary respect first of all.,,,,,,,,,,,,,,,,,,,,,,,,,,,,,,,,,,,,,,,,,,,,,,,,,,
R_3p5dAUhbFjC2Xae,col,"Precisely like that, all the phrases used are loaded with this feeling, hatred against another.They seek to hurt and harm the feelings of the attacked or those attacked.It contains real rejection and is very dangerous.",,,,,,,,,,,,,,,,,,,,,,,,,,,,,,,,,,,,,,,,,,,,,,,,,,
R_264KDZFCIsvmtmH,col,"- When it encourages violence (physical or verbal) against the other. - When he encourages justice for his own hands - When directly or indirectly invites to kill or end the other - When words are clearly used to damage and offend the other without any empathy, respect or responsibility - When directly or indirectly the objective of the message is to feed the hatred against the other -When the private life of the other is violent to harm him When it is not an isolated or innocent opinion but clearly an invitation to act against the other to do physical damage, emotional damage, damage to your good name or any other damage",,,,,,,,,,,,,,,,,,,,,,,,,,,,,,,,,,,,,,,,,,,,,,,,,,
R_2xORHk4Kocd2co4,col,"Offensive, discriminatory, racist, political positions, teasing about the physicist and the cognitive abilities of people.Etc",,,,,,,,,,,,,,,,,,,,,,,,,,,,,,,,,,,,,,,,,,,,,,,,,,
R_3n2vMW0E5NXDQsV,col,"The one that is directed against an identity group defined by an immutable characteristic (skin color, religion, nationality, etc) and that calls for actions to be taken against him",,,,,,,,,,,,,,,,,,,,,,,,,,,,,,,,,,,,,,,,,,,,,,,,,,
R_2B8M8KNLjIKzw9L,col,"A direct or indirect verbal attack on an idea or person, normally trying to show their feelings of hate about the idea or person in particular.",,,,,,,,,,,,,,,,,,,,,,,,,,,,,,,,,,,,,,,,,,,,,,,,,,
R_3kzTJgLYnCzV5ZL,col,"Hate Speech, is one in which the dignity of a person directly is trampled, with soeses and vulgarities",,,,,,,,,,,,,,,,,,,,,,,,,,,,,,,,,,,,,,,,,,,,,,,,,,
R_2xRBPoEBuTS1f2k,col,It is when the opinion of a person seriously injures the way of thinking of another or encourages physical or psychological aggression against other ususarians,,,,,,,,,,,,,,,,,,,,,,,,,,,,,,,,,,,,,,,,,,,,,,,,,,
R_2CCIouuD62dkQDP,col,"It is going beyond a simple opinion, expressing an idea with offensive words, which they denigrate, that others think they can also offend.",,,,,,,,,,,,,,,,,,,,,,,,,,,,,,,,,,,,,,,,,,,,,,,,,,
R_2s7riiA14DCiMXg,col,"He managed the fear by the media, when a religious or military educational social social social social issue is touched or discussed that affects the ruling classes in this country always until today",,,,,,,,,,,,,,,,,,,,,,,,,,,,,,,,,,,,,,,,,,,,,,,,,,
R_SIBOSSqpYz34ybv,col,"An offensive expression aimed at a group or individual and that is based on inherent characteristics (such as race, religion or gender) and that can endanger social peace.",,,,,,,,,,,,,,,,,,,,,,,,,,,,,,,,,,,,,,,,,,,,,,,,,,
R_VUvs7MLOYw1hQ0F,col,"It does not exist, the people of today are all fragile and idiot and believe that everything is personal and if so they should stop crying for what they read on the Internet.",,,,,,,,,,,,,,,,,,,,,,,,,,,,,,,,,,,,,,,,,,,,,,,,,,
R_1X479d1HkYGSkKt,col,"People with hate speech. They are those who find it impossible to accept the difference against creed, political race or another way of thinking.Or simply express your opinion in the face of a current issue.",,,,,,,,,,,,,,,,,,,,,,,,,,,,,,,,,,,,,,,,,,,,,,,,,,
R_1FxLu9k5vB5TInZ,col,"Freedom: hate and love, each person expresses what he thinks, and everything lies in the person who receives discourse and his ability to assimilate",,,,,,,,,,,,,,,,,,,,,,,,,,,,,,,,,,,,,,,,,,,,,,,,,,
R_3lQZhY7viYdhHn4,col,The left -handed left -hander of social networks such as Facebook and Twitter of extreme left narcoultra are the ones that most distil and then the victims are made.,,,,,,,,,,,,,,,,,,,,,,,,,,,,,,,,,,,,,,,,,,,,,,,,,,
R_1MMLLGrSPDK4RSD,col,"Hate discourse is an invention of the modification of the Constitution from the constituent of 1991 to steal the economic resources of the State, creating organized mafias and camouflaged in the name NGOs, which has given how the only results the segmentation of the country and theHate of classes, ... if there were no ""minority"" groups today we would be a single country and we would all be the same.But what we find is that minority groups have more rights than majority groups.And that is a serious mistake in a democracy!",,,,,,,,,,,,,,,,,,,,,,,,,,,,,,,,,,,,,,,,,,,,,,,,,,
R_1eWutRsY2cnEH0x,col,"A speech that offends the other in every way, with violent words, in which the welfare of the other is also threatened.",,,,,,,,,,,,,,,,,,,,,,,,,,,,,,,,,,,,,,,,,,,,,,,,,,
R_1jcX7OvH9lNCzHE,col,"The one who intends to force a person, to think to act and accept without the right to criticizes and freely express his opinion and position in as a particular subject.",,,,,,,,,,,,,,,,,,,,,,,,,,,,,,,,,,,,,,,,,,,,,,,,,,
R_ULuw1Zx9m2wLwbf,col,"A hate speech is that with offensive words that encourage discord and defamation of people, slander, as my president Uribe has been victim, many bad things have been said about him, but anything has never been proven,This shows that everything is a hate speech.",,,,,,,,,,,,,,,,,,,,,,,,,,,,,,,,,,,,,,,,,,,,,,,,,,
R_3emZMQ6FvJmT25J,pol,"Offends the views of others, their appearance, family, calls to abuse animals,",,,,,,,,,,,,,,,,,,,,,,,,,,,,,,,,,,,,,,,,,,,,,,,,,,
R_27kZC0jHOfnwopN,pol,True.,,,,,,,,,,,,,,,,,,,,,,,,,,,,,,,,,,,,,,,,,,,,,,,,,,
R_2zeScxwPvGHZ0KT,pol,Calling to any discrimination,,,,,,,,,,,,,,,,,,,,,,,,,,,,,,,,,,,,,,,,,,,,,,,,,,
R_3rN8Yk6BFIrviUh,pol,"""It's not people is ideology"" - PiS",,,,,,,,,,,,,,,,,,,,,,,,,,,,,,,,,,,,,,,,,,,,,,,,,,
R_3QW5pYZ7vK5D0J8,pol,Content encouraging people to harmful actions towards others or themselves.,,,,,,,,,,,,,,,,,,,,,,,,,,,,,,,,,,,,,,,,,,,,,,,,,,
R_9mlLZLzLrLZG0rn,pol,Insulting someone but it is an exaggerated statement,,,,,,,,,,,,,,,,,,,,,,,,,,,,,,,,,,,,,,,,,,,,,,,,,,
R_723PipleFnkBRG9,pol,Speech in which hatred of a certain group of people is expressed.,,,,,,,,,,,,,,,,,,,,,,,,,,,,,,,,,,,,,,,,,,,,,,,,,,
R_PTfXNxlIqY5OdPP,pol,Individual people writing potentially offensive phrases or opinions do not spread hate speech.,,,,,,,,,,,,,,,,,,,,,,,,,,,,,,,,,,,,,,,,,,,,,,,,,,
R_2uPuMZwZvq76e7X,pol,Direct call for mental and physical harm to other entities.,,,,,,,,,,,,,,,,,,,,,,,,,,,,,,,,,,,,,,,,,,,,,,,,,,
R_3DnfcOKtb8PBHuR,pol,This is a call to perform criminal acts towards other people,,,,,,,,,,,,,,,,,,,,,,,,,,,,,,,,,,,,,,,,,,,,,,,,,,
R_1EXUYeczZlK45NH,pol,Speech depressing a given social group.,,,,,,,,,,,,,,,,,,,,,,,,,,,,,,,,,,,,,,,,,,,,,,,,,,
R_2rvaKaQoVkiy6Jr,pol,Rasimzm,,,,,,,,,,,,,,,,,,,,,,,,,,,,,,,,,,,,,,,,,,,,,,,,,,
R_1Nkysku4eUqOjeg,pol,"calling to kill, beating, imprisoning someone, calling to war",,,,,,,,,,,,,,,,,,,,,,,,,,,,,,,,,,,,,,,,,,,,,,,,,,
R_1pVVUa2r6ZArOFB,pol,Popieluszko Huj,,,,,,,,,,,,,,,,,,,,,,,,,,,,,,,,,,,,,,,,,,,,,,,,,,
R_2P09vl7om5sbEvI,pol,such a speech in which you hate yourself,,,,,,,,,,,,,,,,,,,,,,,,,,,,,,,,,,,,,,,,,,,,,,,,,,
R_1BVpU4FSONhwW30,pol,A statement that shows the signs of contempt or hatred towards the group/individual,,,,,,,,,,,,,,,,,,,,,,,,,,,,,,,,,,,,,,,,,,,,,,,,,,
R_3sgC5DCE5rc5eBl,pol,"Hate speech are any offensive words, threats or mocking.",,,,,,,,,,,,,,,,,,,,,,,,,,,,,,,,,,,,,,,,,,,,,,,,,,
R_yDB1stW2ZmNv3k5,pol,"Unjustified hostility/disgust/hatred for a given group as a whole, expressed in words",,,,,,,,,,,,,,,,,,,,,,,,,,,,,,,,,,,,,,,,,,,,,,,,,,
R_pubvTf5mbAXUubL,pol,Persuading and convincing in strength to your opinion in an aggressive way,,,,,,,,,,,,,,,,,,,,,,,,,,,,,,,,,,,,,,,,,,,,,,,,,,
R_2yfp5fDZBC1kwOv,pol,The invention of people who cannot cope with criticism,,,,,,,,,,,,,,,,,,,,,,,,,,,,,,,,,,,,,,,,,,,,,,,,,,
R_XwgylvrrWevsdNv,pol,"Discrimination, threats",,,,,,,,,,,,,,,,,,,,,,,,,,,,,,,,,,,,,,,,,,,,,,,,,,
R_2eORKvqNb0pCRUv,pol,Polish extermination camps,,,,,,,,,,,,,,,,,,,,,,,,,,,,,,,,,,,,,,,,,,,,,,,,,,
R_7Qxix1MXoG5uyul,pol,-,,,,,,,,,,,,,,,,,,,,,,,,,,,,,,,,,,,,,,,,,,,,,,,,,,
R_22LmoM3t540awFv,pol,idk,,,,,,,,,,,,,,,,,,,,,,,,,,,,,,,,,,,,,,,,,,,,,,,,,,
R_24tIsso5ZAYSwzP,pol,Does not exist,,,,,,,,,,,,,,,,,,,,,,,,,,,,,,,,,,,,,,,,,,,,,,,,,,
R_1PdBBrcQ88dIWvf,pol,The offensive determination of someone because of some of his often impossible feature.,,,,,,,,,,,,,,,,,,,,,,,,,,,,,,,,,,,,,,,,,,,,,,,,,,
R_10wtrO1nlZOjvlD,pol,Calling to violence literally (this is not a joke or hyperbola),,,,,,,,,,,,,,,,,,,,,,,,,,,,,,,,,,,,,,,,,,,,,,,,,,
R_27PBXXwrY9LY8LV,pol,"A new -wing leftist element, which aims to criminalize statements and punishment for words.",,,,,,,,,,,,,,,,,,,,,,,,,,,,,,,,,,,,,,,,,,,,,,,,,,
R_1jjO3V3NhR4B6xU,pol,There is nothing like that.This invent those who offend everything.,,,,,,,,,,,,,,,,,,,,,,,,,,,,,,,,,,,,,,,,,,,,,,,,,,
R_27xwW8dz0EYxELu,pol,Insulting and criticizing a person with different views,,,,,,,,,,,,,,,,,,,,,,,,,,,,,,,,,,,,,,,,,,,,,,,,,,
R_b9GzJtN53sh0wSt,pol,"Calling to violence, social exclusion or dehumanization of people or groups.",,,,,,,,,,,,,,,,,,,,,,,,,,,,,,,,,,,,,,,,,,,,,,,,,,
R_242cToQ5S28391B,pol,Statements that promote or call for discrimination against a specific group of people,,,,,,,,,,,,,,,,,,,,,,,,,,,,,,,,,,,,,,,,,,,,,,,,,,
R_3F53864nrvCeDIv,pol,"The offensive, often vulgar content, not allowing alternative solutions.",,,,,,,,,,,,,,,,,,,,,,,,,,,,,,,,,,,,,,,,,,,,,,,,,,
R_2uPuS0ShcqSCdqX,pol,Not ironic persuasion of people to commit acts of aggression towards specific people or groups of people,,,,,,,,,,,,,,,,,,,,,,,,,,,,,,,,,,,,,,,,,,,,,,,,,,
R_27vZo2S5zZPOWN8,pol,"Calling to/wish of death, persecution, attacks towards man",,,,,,,,,,,,,,,,,,,,,,,,,,,,,,,,,,,,,,,,,,,,,,,,,,
R_2q3QzrBNBaCnax2,pol,Speech calling to ignore the other party and stigmatizing them as worse or threatening them.,,,,,,,,,,,,,,,,,,,,,,,,,,,,,,,,,,,,,,,,,,,,,,,,,,
R_29anzDMeukm2fai,pol,Calling to actively hurt a given group,,,,,,,,,,,,,,,,,,,,,,,,,,,,,,,,,,,,,,,,,,,,,,,,,,
R_21Bv5TRBFTax64Y,pol,"Insults, invectives, urging to violence",,,,,,,,,,,,,,,,,,,,,,,,,,,,,,,,,,,,,,,,,,,,,,,,,,
R_3kyKF2kmKXz1cyR,pol,Calling for direct harm to a person/group of people for some reason.,,,,,,,,,,,,,,,,,,,,,,,,,,,,,,,,,,,,,,,,,,,,,,,,,,
R_3MoI6vdvTaXoErG,pol,Phrases calling for aggression or violence against others,,,,,,,,,,,,,,,,,,,,,,,,,,,,,,,,,,,,,,,,,,,,,,,,,,
R_2xxH6pKcUKjNqkf,pol,"insulting others, making fun, discrimination",,,,,,,,,,,,,,,,,,,,,,,,,,,,,,,,,,,,,,,,,,,,,,,,,,
R_3gO4ml0eQjIIRj3,pol,Hate,,,,,,,,,,,,,,,,,,,,,,,,,,,,,,,,,,,,,,,,,,,,,,,,,,
R_410MaDjNJgjAjqp,pol,Threatening or calling to commit a crime against a person/group/organization.,,,,,,,,,,,,,,,,,,,,,,,,,,,,,,,,,,,,,,,,,,,,,,,,,,
R_ZJkTNl0UlKtBqAV,pol,Ataki to the person,,,,,,,,,,,,,,,,,,,,,,,,,,,,,,,,,,,,,,,,,,,,,,,,,,
R_22xgb7LStf96Xzd,pol,"Insults, insulting due to age, gender, race, texts calling for violence",,,,,,,,,,,,,,,,,,,,,,,,,,,,,,,,,,,,,,,,,,,,,,,,,,
R_3qW0pmI7Bx4noO7,pol,Urging hatred towards all people from the attacked person group,,,,,,,,,,,,,,,,,,,,,,,,,,,,,,,,,,,,,,,,,,,,,,,,,,
R_2wpEfhb4U0hqL81,pol,Every direct attack on another person without knowing the situation.No familiarization with the topic.,,,,,,,,,,,,,,,,,,,,,,,,,,,,,,,,,,,,,,,,,,,,,,,,,,
R_3PX0IjvThe9dc6N,pol,"Racism, religious intolerance.Intolerance of disabled people",,,,,,,,,,,,,,,,,,,,,,,,,,,,,,,,,,,,,,,,,,,,,,,,,,
R_3nphNTvZlG2xdJq,pol,Notorious harassment of someone or some social group,,,,,,,,,,,,,,,,,,,,,,,,,,,,,,,,,,,,,,,,,,,,,,,,,,
R_3G6yVCdbURi3s3h,pol,Direct threat and humiliation of people in a serious way,,,,,,,,,,,,,,,,,,,,,,,,,,,,,,,,,,,,,,,,,,,,,,,,,,
R_OpVMpBAvIFIvOY9,pol,Threatening health or life,,,,,,,,,,,,,,,,,,,,,,,,,,,,,,,,,,,,,,,,,,,,,,,,,,
R_bp9DPjhy4Sq1rKp,pol,"Insulting, incurring",,,,,,,,,,,,,,,,,,,,,,,,,,,,,,,,,,,,,,,,,,,,,,,,,,
R_OcxRq3QJtNJXFpT,pol,Hate speech calls for material damage.,,,,,,,,,,,,,,,,,,,,,,,,,,,,,,,,,,,,,,,,,,,,,,,,,,
R_2YVYUg7liYJU69Q,pol,"Mockery, urging to hurt others, vulgarisms",,,,,,,,,,,,,,,,,,,,,,,,,,,,,,,,,,,,,,,,,,,,,,,,,,
R_3hGgqsLuzxfbkx0,pol,Threats or calling for harm.,,,,,,,,,,,,,,,,,,,,,,,,,,,,,,,,,,,,,,,,,,,,,,,,,,
R_2f72066Bdp4i1bJ,pol,"""Hate speech"" is a concept that is a tool for political discourse.",,,,,,,,,,,,,,,,,,,,,,,,,,,,,,,,,,,,,,,,,,,,,,,,,,
R_26avKLys0pZUwS2,pol,"- refers to a specific person or group, not a specific content presented (""you are stupid"" or ""x are stupid"", but not ""what you wrote here is stupid things"") - he is insulting or calls for unlawful actions towards these people (""I do not want any refugees in Poland"" is not hatred; ""pour them into the forest, after all they are bored"")",,,,,,,,,,,,,,,,,,,,,,,,,,,,,,,,,,,,,,,,,,,,,,,,,,
R_24lbMBRft9rUv3e,pol,"The hate speech explicitly calls for punishable acts towards another person - threats, calling for aggression etc.Most often on a racial, cultural or religious background.",,,,,,,,,,,,,,,,,,,,,,,,,,,,,,,,,,,,,,,,,,,,,,,,,,
R_12MsRQOkJOZyJ2i,pol,"With hate speech, I determine the expressions/phrases that are in a nutshell to offend/diminish someone.In my opinion, freedom of speech is something that should not be limited due to the fact that this may cause the opposite of the effects than originally assumed (the government controlling this freedom could use it for their own purposes, as is still happening in the third world countries or in the postSoviet block).To be well understood, I would like to mention that freedom of speech should be regulated by social media owners closely cooperating with law enforcement agencies, which would in practice mean legal responsibility for their words, especially those who explicitly napped to hatred for another person or violence.An additional method of preventing this would be to control people who in the past have already been punished for the same or similar offenses.",,,,,,,,,,,,,,,,,,,,,,,,,,,,,,,,,,,,,,,,,,,,,,,,,,
R_1dMPlBH8JCnqPXL,pol,"Disrespect for the other person.You can talk, comment that this is not your view, but mocking and making fun in my opinion is hate speech.I consider the same hate speech to encourage other people to defile others.",,,,,,,,,,,,,,,,,,,,,,,,,,,,,,,,,,,,,,,,,,,,,,,,,,
R_3nqmfpr5a3THkg9,pol,Hate speech is an invention of people with leftist views.It is a convenient tool that allows you to censor uncomfortable opinions.,,,,,,,,,,,,,,,,,,,,,,,,,,,,,,,,,,,,,,,,,,,,,,,,,,
R_SW4ssFEXXn4xBq9,pol,"Hate speech is a form of message that calls for taming, total suppression of another person by others",,,,,,,,,,,,,,,,,,,,,,,,,,,,,,,,,,,,,,,,,,,,,,,,,,
R_VVbHT8zL8Qjtn7H,pol,"Calling for contempt and hatred and violence against data of persons based on their ethnic, national and/or religious affiliation as well as sexual orientation, sexual identity and/or disability.",,,,,,,,,,,,,,,,,,,,,,,,,,,,,,,,,,,,,,,,,,,,,,,,,,
R_2zqlt5B7S0KwS6w,pol,"Expressing sharp opinions about a group of people or a specific person not because of his actions or behavior, but because of the race, confession of sexual orientation or appearance.Of course, it is also the use of racist, vulgar, degrading, threats, mocking, etc.",,,,,,,,,,,,,,,,,,,,,,,,,,,,,,,,,,,,,,,,,,,,,,,,,,
R_25L9P1ayA4P1qPb,pol,The call to violence against groups not navigating violence and nationality not leading aggressive wars.,,,,,,,,,,,,,,,,,,,,,,,,,,,,,,,,,,,,,,,,,,,,,,,,,,
R_21upDw3MakpHIjx,pol,"Word attacking and aggression towards another person for views or opinions, without giving arguments that a person may be wrong.",,,,,,,,,,,,,,,,,,,,,,,,,,,,,,,,,,,,,,,,,,,,,,,,,,
R_Dc4l8SaoWFNzqfv,pol,"Hate speech is a subjective feeling that everyone uses as they want, when he doesn't like what the other side says.It's not the same as harassment, calling for violence, persecution",,,,,,,,,,,,,,,,,,,,,,,,,,,,,,,,,,,,,,,,,,,,,,,,,,
R_p0rPU3GUNqplm5b,pol,"Hate speech is an active call to physical and mental assault, which is a real threat to health and life.Due to the multiplicity of the definition of mental assault, it is a quintessence problem in the creation of human harm and the very definition of hate speech resulting from the differences in every person's sensitivity.Therefore, my definition can be reduced to physical assault because actions should be taken here and now.",,,,,,,,,,,,,,,,,,,,,,,,,,,,,,,,,,,,,,,,,,,,,,,,,,
R_2fxlWz040DsmnkO,pol,"This term is used for political manipulation, let's not go crazy.The fact that someone will challenge someone on the Internet should not mean anything in people's lives and should be educated about it.Because if it means it is something wrong with them.",,,,,,,,,,,,,,,,,,,,,,,,,,,,,,,,,,,,,,,,,,,,,,,,,,
R_OGMxfWlYziwOvxn,pol,"Calling for exclusion, zohydration and stigmatization.Open calling for murder, exile or elimination from social life.",,,,,,,,,,,,,,,,,,,,,,,,,,,,,,,,,,,,,,,,,,,,,,,,,,
R_20U9CqxEMsgrdwA,pol,This term is senseless and empty.Used mainly by those who have a different opinion from mine and do not accept my views.,,,,,,,,,,,,,,,,,,,,,,,,,,,,,,,,,,,,,,,,,,,,,,,,,,
R_3dHemh8h28sDmG2,pol,"For me, hate speech is the usual spreading of unpleasant/harmful words for the other person or what is worse.",,,,,,,,,,,,,,,,,,,,,,,,,,,,,,,,,,,,,,,,,,,,,,,,,,
R_2uUt1z4YIhCYCMr,pol,"In my opinion, it is difficult to define the thing that is perceived in a subjective way.For some, the post may be funny, neutral for others, and for others hurting. I would define hate speech as words that are intended to offend someone, violate his sense of security or make fun of them. Although not.I would give it only as one of the hate speech criteria. I'm not sure how you can define Mn",,,,,,,,,,,,,,,,,,,,,,,,,,,,,,,,,,,,,,,,,,,,,,,,,,
R_2CNdBqTWUCYYfig,pol,"The speech of hatred is all forms of racial, religious and gender or sexual identity prejudices.It is also, for example, disseminating hatred towards doctors fighting Covid-19.In addition, it is, of course, a call to hurt someone, throwing him out of the country, etc.",,,,,,,,,,,,,,,,,,,,,,,,,,,,,,,,,,,,,,,,,,,,,,,,,,
R_31NTqD1BLa1WtA1,pol,"It is very difficult to define.Certain behaviors can be immediately attributed to a reprehensible narrative, they are certain ""only controversial"" and they meet with oversensitivity.",,,,,,,,,,,,,,,,,,,,,,,,,,,,,,,,,,,,,,,,,,,,,,,,,,
R_vDfQH1dLhnRpBv3,pol,"Aggressive statements aimed at wounding / discredited / humiliating / introducing a sense of danger / isolation of a person, groups, institutions, e.g. personal attacks not supported by arguments, insults, harassment, encouraging others to crime at the facility of statements, persuading to suicide or self -mutilation",,,,,,,,,,,,,,,,,,,,,,,,,,,,,,,,,,,,,,,,,,,,,,,,,,
R_qDzaCciC9mmyaat,pol,"The wish of death, mocking, insulting, humiliation, lying about another person to take him.",,,,,,,,,,,,,,,,,,,,,,,,,,,,,,,,,,,,,,,,,,,,,,,,,,
R_22xMMxl9c1Uy0dA,pol,Something that personally attacks a person and defines it in a negative way with vulgar words or calls to hurt or kill,,,,,,,,,,,,,,,,,,,,,,,,,,,,,,,,,,,,,,,,,,,,,,,,,,
R_3KUazYOpAf7q4vM,pol,"Hate speech is a speech that calls for, subordinates to mental or physical violence in relation to a given person or a group of people.",,,,,,,,,,,,,,,,,,,,,,,,,,,,,,,,,,,,,,,,,,,,,,,,,,
R_3oXjvH5Pm9NvDBB,pol,"Serious insulting (e.g. ""garbage""), receiving the right to life and functioning in society, threatening death, beating, harassment, rape",,,,,,,,,,,,,,,,,,,,,,,,,,,,,,,,,,,,,,,,,,,,,,,,,,
R_1igir7LQZj6U1VY,pol,speech to dehumanize units and groups and call for not grants universal rights and obligations,,,,,,,,,,,,,,,,,,,,,,,,,,,,,,,,,,,,,,,,,,,,,,,,,,
R_3dRFlJRXuw8AepO,pol,"Expressing your opinion in an uncultural and offensive way, discriminatory views, e.g. racism, sexism, etc.",,,,,,,,,,,,,,,,,,,,,,,,,,,,,,,,,,,,,,,,,,,,,,,,,,
R_2R24Q7AHqgea1UM,pol,Hate speech is statements calling for violence against a specific group of people or striking her dignity or attributing its features of a clearly negative character.,,,,,,,,,,,,,,,,,,,,,,,,,,,,,,,,,,,,,,,,,,,,,,,,,,
R_09rX9WhfqsXu9l7,pol,"It is a call for persecution of social groups of communities or individuals, it is not an ordinary ad personam.",,,,,,,,,,,,,,,,,,,,,,,,,,,,,,,,,,,,,,,,,,,,,,,,,,
R_2PtiX7BI0D7yVy3,pol,"Public and privately sent threats relating to origin, skin color, religion, sex, sexual orientation.Public lynching and ridicule on forums or social media.Intent Bodyshaming, public revelation of personal data to hinder the life of the other person.",,,,,,,,,,,,,,,,,,,,,,,,,,,,,,,,,,,,,,,,,,,,,,,,,,
R_3fYO7YlkYPKr3Sg,pol,"Dehumanization, calling to murder, something that objectively by most people is considered hateful.",,,,,,,,,,,,,,,,,,,,,,,,,,,,,,,,,,,,,,,,,,,,,,,,,,
R_3IYm2OzcClcRM3Z,pol,"Personally, I would define 'hate speech' as denying dignity to other people for any reason.",,,,,,,,,,,,,,,,,,,,,,,,,,,,,,,,,,,,,,,,,,,,,,,,,,
R_OqwEiE9Fsu2NyUh,pol,"Hate speech urges action, orders and arouses aggressions and the need to impose their own justice.",,,,,,,,,,,,,,,,,,,,,,,,,,,,,,,,,,,,,,,,,,,,,,,,,,
R_CeQ6iuBmAq0bnrP,pol,"Hate speech is a direct penetration for violence, persecution and taking radline actions to the minorities.Occurs only when the words are sofaed, unjustified threats on the racial, sexual background, etc. Hate speech is therefore not to mock someone character traits or appearance",,,,,,,,,,,,,,,,,,,,,,,,,,,,,,,,,,,,,,,,,,,,,,,,,,
R_Asuk8Ltp6nhgKNX,pol,Hate speech is a call to reluctance or aggression to a group or a person based on false beliefs or stereotypes,,,,,,,,,,,,,,,,,,,,,,,,,,,,,,,,,,,,,,,,,,,,,,,,,,
R_1jIkJ8ZRfuBWEa6,pol,"There is no such thing as hate speech.We are only us.Gray people who want them to be noticed among hundreds of thousands of other gray people, but in the sheer volume of information we are able to catch and remember only extremes and extreme statements.""Hate speech"" is a side product of human consciousness that is unable to cope with a million shades of gray and, if not wanting, it portions reality on ""white"" and ""black"".",,,,,,,,,,,,,,,,,,,,,,,,,,,,,,,,,,,,,,,,,,,,,,,,,,
R_8BPN9FR8rT29WRb,pol,"All in all, it makes me laugh that people are offended if someone writes on the internet.The term ""hate speech"" is definitely abused in these times, moreover, not only it.",,,,,,,,,,,,,,,,,,,,,,,,,,,,,,,,,,,,,,,,,,,,,,,,,,
R_3m8mNZLfBTEDP5m,pol,I consider hate speech to be a construct with blurred limits used to limit freedom of speech and opinions.,,,,,,,,,,,,,,,,,,,,,,,,,,,,,,,,,,,,,,,,,,,,,,,,,,
R_3qrGmrhbVPchNsb,pol,"Speech, which, especially when it becomes widely repeated, entails someone's harm - either through physical attacks or by discrimination.",,,,,,,,,,,,,,,,,,,,,,,,,,,,,,,,,,,,,,,,,,,,,,,,,,
R_6R51mKGxFLHsaaZ,pol,"There is no such thing as hate speech, it is simply a fancy term for all statements that do not agree with the views of people for whom mayonnaise is spicy",,,,,,,,,,,,,,,,,,,,,,,,,,,,,,,,,,,,,,,,,,,,,,,,,,
R_2XbQFHxcaqlRgOJ,pol,"The person does not present his own position, but uses profanity directly towards a person from whom he does not agree.",,,,,,,,,,,,,,,,,,,,,,,,,,,,,,,,,,,,,,,,,,,,,,,,,,
R_OD3ZjGuXwt2FmuJ,pol,"Most of the presented statements did not have the status of hate speech for me.Only one statement had such a character, because it called for aggression and expressed reluctance to a specific group.In my opinion, hate speech must have a strong component of ""hate""- call for crimes a different group.Calling someone stupid, ugly ect. There is no hatred.",,,,,,,,,,,,,,,,,,,,,,,,,,,,,,,,,,,,,,,,,,,,,,,,,,
R_2sRPMcp4oU5rx6u,pol,"For me, hate speech is an active call for violence.Simple jokes, black humor or right -wing opinions are not hate.",,,,,,,,,,,,,,,,,,,,,,,,,,,,,,,,,,,,,,,,,,,,,,,,,,
R_2ysI5MaALAj5twa,pol,"Every kind of ridicule of people because of the skin color, political views, sexual preferences, etc.",,,,,,,,,,,,,,,,,,,,,,,,,,,,,,,,,,,,,,,,,,,,,,,,,,
R_3EtEU3Fadrmg1iE,pol,"There is no such thing as hate speech.You can be a bad and mean man, but the term ""hate speech"" is the politicized buzzword meaning everything that is uncomfortable for the party.",,,,,,,,,,,,,,,,,,,,,,,,,,,,,,,,,,,,,,,,,,,,,,,,,,
R_3oQQrAcCNHRs7Lr,pol,"Calling for violence against specific people or groups, as well as mental violence and insulting people and their features (but not behavior)",,,,,,,,,,,,,,,,,,,,,,,,,,,,,,,,,,,,,,,,,,,,,,,,,,
R_3ENoigllIvSeE8r,pol,"Hate speech is a too popular term that serves everything and the fight against religion.It is worth noting that in the examples it was ""right -wingers"" that had bad answers, and the leftists were good. It was the left. It was the left. It was a victim. To talk about hatred, it should be emphasized that the left also often attacks the right, ""it's a pity that someone doesn'tHe scraped out. ""I just remember as part of justice.In my opinion, hate speech is a call to physical and mental aggression against individuals/groups and insulting them.It is also a hypocrisy of light from both sides.This does not apply to minorities or most.This applies to everyone without exception.",,,,,,,,,,,,,,,,,,,,,,,,,,,,,,,,,,,,,,,,,,,,,,,,,,
R_2zpxNTKcSMmt2E7,pol,"Calling to violence, restriction of liberty or threatening with violence or other measurable activities.",,,,,,,,,,,,,,,,,,,,,,,,,,,,,,,,,,,,,,,,,,,,,,,,,,
R_3nkmr5L15azOOdc,pol,I think about hate speech as an active speaking person content that they offer self -mutilation or suicide,,,,,,,,,,,,,,,,,,,,,,,,,,,,,,,,,,,,,,,,,,,,,,,,,,
R_SJG6vlmdr6Epo3L,pol,As an invention of leftists to introduce limitations of freedom of speech.The approach taken straight from totalitarian ideologies.,,,,,,,,,,,,,,,,,,,,,,,,,,,,,,,,,,,,,,,,,,,,,,,,,,
R_33eZaYqd0z4DShC,pol,"Offending others for their views, calling for violence, promoting fascism and sexual deviations (pedophilia, zoophilia).",,,,,,,,,,,,,,,,,,,,,,,,,,,,,,,,,,,,,,,,,,,,,,,,,,
R_8v9BKD4D3jK4hDH,pol,"Telling women raising children that they are lazy cows who do not want to do and home chickens are hate speech currently promoted by world managers, accepted by Facebook and others.This hate speech is presented as a speech for the love of poor women oppressed by motherhood, so that they abandon these unfashionable and disgusting classes.And the population will decrease .... but don't ride these children.",,,,,,,,,,,,,,,,,,,,,,,,,,,,,,,,,,,,,,,,,,,,,,,,,,
R_AGPr3zz07H6rWjn,pol,"For me, hate speech is every incitement to hurt someone.Everyone has their own opinion, on a given topics and should not prohibit the speech on every issue, and the other party should in an intelligent way 9b present their arguments",,,,,,,,,,,,,,,,,,,,,,,,,,,,,,,,,,,,,,,,,,,,,,,,,,
R_2b3gAXYxeEbxHPK,idn,"Attack and threaten physically, SARA and political views",,,,,,,,,,,,,,,,,,,,,,,,,,,,,,,,,,,,,,,,,,,,,,,,,,
R_2txmsjQw1c3pHew,idn,Make other people provoked,,,,,,,,,,,,,,,,,,,,,,,,,,,,,,,,,,,,,,,,,,,,,,,,,,
R_3sBOfVS5LYBJePq,idn,Expressions of hatred towards individuals / groups,,,,,,,,,,,,,,,,,,,,,,,,,,,,,,,,,,,,,,,,,,,,,,,,,,
R_1roA7VANwRyhMH5,idn,"Utterance of hatred is a statement that drops ethnicity, race, certain religion",,,,,,,,,,,,,,,,,,,,,,,,,,,,,,,,,,,,,,,,,,,,,,,,,,
R_3rP4Qd5cVAYPr6k,idn,Everyone is free to argue.As long as it does not harm others,,,,,,,,,,,,,,,,,,,,,,,,,,,,,,,,,,,,,,,,,,,,,,,,,,
R_3nip2pOP0q51XBj,idn,Degrading the dignity of the other,,,,,,,,,,,,,,,,,,,,,,,,,,,,,,,,,,,,,,,,,,,,,,,,,,
R_3nDzseRHfinqSs0,idn,Anti -expressions of other people's beliefs,,,,,,,,,,,,,,,,,,,,,,,,,,,,,,,,,,,,,,,,,,,,,,,,,,
R_UXuUyKALmE9mOfT,idn,"The hate speech is simple: 1. offending SARA, 2. Attacking Personal.",,,,,,,,,,,,,,,,,,,,,,,,,,,,,,,,,,,,,,,,,,,,,,,,,,
R_239wS245kaGvR8k,idn,A writing that threatens and insults people,,,,,,,,,,,,,,,,,,,,,,,,,,,,,,,,,,,,,,,,,,,,,,,,,,
R_3p9fKdgmTFghJ6k,idn,is the freedom that must be limited,,,,,,,,,,,,,,,,,,,,,,,,,,,,,,,,,,,,,,,,,,,,,,,,,,
R_3qmlZsQZL535192,idn,No comment,,,,,,,,,,,,,,,,,,,,,,,,,,,,,,,,,,,,,,,,,,,,,,,,,,
R_3FUQzkDajVC8Tjy,idn,No,,,,,,,,,,,,,,,,,,,,,,,,,,,,,,,,,,,,,,,,,,,,,,,,,,
