Input.ResponseId,country,hate_definition_cleaned,hate_definition
R_ZCyL2rbu41UHDVf,bra,"Hate speech is any idea that encourages discrimination, whatever it may be, or that offend another person directly.","Discurso de √≥dio √© toda e qualquer ideia que incentive a discrimina√ß√£o, seja ela qual for, ou que ofenda de forma direta outra pessoa."
R_2zc2x14nNy3x6M5,bra,"Discourse that dehumanizes a certain portion of the population and undemocratic discourse. In my view, a discourse that dehumanizes is one that puts part as inferior, deserving less rights or even extermination or any violence.Clear examples are: apology for Nazism, racism and xenophobia.However, in Brazil there is a lot of political hatred today, with immense polarization.There was even extreme case, such as that of a man who shot in an opposition voter on his own birthday.  More difficult to define is undemocratic discourse, because both sides have a different view of what is harmful to democracy.A big problem in our country is fake news: lies deliberately elaborated to destabilize the democratic rule of law institutions, manipulating the opinion of masses, which are brought back by pernicious and liars' discourses.Just see what circulates through social networks ... such as the case of people in demonstrations for federal intervention who celebrated the issuance of the arrest warrant of the minister of Supreme Alexandre de Moraes, when he was never even considered by the authorities.There was not even motivation for that.In my view, this kind of thing harms democracy and political debate in general.Creates hatred and polarization.","Discurso que desumaniza determinada parcela da popula√ß√£o e discurso antidemocr√°tico.
Na minha vis√£o, discurso que desumaniza √© aquele que coloca parte como inferior, merecedora de menos direitos ou at√© mesmo de exterm√≠nio ou qualquer viol√™ncia. Exemplos claros s√£o: apologia ao nazismo, racismo e xenofobia. Por√©m, no Brasil existe hoje muito √≥dio pol√≠tico, havendo imensa polariza√ß√£o. Houve at√© mesmo caso extremos, como o de um homem que atirou em um eleitor da oposi√ß√£o em seu pr√≥prio anivers√°rio.

Mais dif√≠cil de definir √© o discurso antidemocr√°tico, pois ambos os lados tem uma vis√£o diferente daquilo que √© nocivo √† democracia. Um grande problema em nosso Pa√≠s s√£o as fake news: mentiras elaboradas deliberadamente para desestabilizar as institui√ß√µes do Estado Democr√°tico de Direito, manipulando a opini√£o de massas, que se retroalimentam de discursos perniciosos e mentirosos. √â s√≥ ver o que circula pelas redes sociais... Como o caso das pessoas em manifesta√ß√µes por interven√ß√£o federal que comemoraram a emiss√£o do mandado pris√£o do Ministro do Supremo Alexandre de Moraes, quando ele de fato nunca foi sequer cogitado pelas autoridades. Sequer havia motiva√ß√£o para tal. Ao meu ver, esse tipo de coisa prejudica a democracia e o debate pol√≠tico em geral. Cria √≥dio e polariza√ß√£o."
R_3IXq3RsQGumtjYY,bra,How much there is a declaration that threatens the physical integrity of a specific person or a certain social group.,Quanto existe declara√ßao que amea√ßa a integridade f√≠sica de uma pessoa espec√≠fica ou certo grupo social.
R_ZxT8TC7zuKjHLI5,bra,"Radical intolerance to the various existing opinions, and what makes hate speech is the owner of the truth and still suffers from God's syndrome, thinking that he would be the almighty capable of solving everything radically.","Intoler√¢ncia radical √†s diversas opini√µes existentes, sendo que o que faz discurso de √≥dio se acha o dono da verdade e, ainda, sofre de s√≠ndrome de Deus, achando que ele seria o todo-poderoso capaz de resolver tudo de modo radical."
R_vV9hzX338gHvlcd,bra,Something absolutely subjective.No one is responsible for what the other can feel or think.Therefore it is not possible to accurately define what this discourse of hatred would be.,Algo absolutamente subjetivo. Ningu√©m √© respons√°vel pelo o que o outro pode sentir ou pensar. Portanto n√£o √© poss√≠vel definir com precis√£o o que seria esse tal discurso de √≥dio.
R_7TzAvqQdGRsIrT3,bra,"Clowning!Those who preach this want a way to be able to control people's opinions, more specifically, opinions contrary to their own.","Palha√ßada! Quem prega isso quer uma forma de poder controlar as opini√µes das pessoas, mais especificamente, as opini√µes contr√°rias √†s suas."
R_ywOLtX0PIZe70Jj,bra,"Expression of opinion violently, offensive and intolerant, attacking and disrespecting those who think differently from the other in a public form, generating a social embarrassment.","Express√£o de opini√£o de forma violenta, ofensiva e intolerante, atacando e desrespeitando quem pensa diferente do outro de forma p√∫blica, gerando um constrangimento social."
R_3wTKHlfneeurfcl,bra,Hate speech is when the person offends in a criminal or very malicious way.But I do not consider hate speech when one person is hasty with another disagreeing with his opinion.,Discurso de √≥dio √© quando a pessoa ofende de forma criminosa ou muito mal intencionada. Mas n√£o considero discurso de √≥dio quando uma pessoa √© r√≠spida com outra discordando da sua opini√£o.
R_1poIpUYWnBexRP5,bra,"Hate discourse is characterized when speech spread that aims to oppress, exclude or even extinguish certain groups.","Discurso de √≥dio √© caracterizado quando h√° a propaga√ß√£o de falas que visam oprimir, excluir ou at√© extinguir determinados grupos."
R_DB1jMbrom36dMI1,bra,Hate speech would be a type of advertising or speech that preaches extermination or that more people offend a certain group or individual.,Discurso de √≥dio seria um tipo de propaganda ou discurso que prega exterm√≠nio ou que mais pessoas ofendam certo grupo ou indiv√≠duo.
R_2ah10zQC3iz45VA,bra,Freedom of expression is very important!I think threatening a death person constantly must investigate so that evil does not happen!Other than that let it roll!Because it has happened that I was forbidden to write the famous word Luladron!I'm just telling the truth right?The corrupt system has to be banned because they elected a convict!My president will always be Bolsonaro üáßüá∑ and live freedom of expression üëèüëèüëè,Liberdade de express√£o √© muito importante! Acho que amea√ßar uma pessoa de morte constantemente deve investigar para que o mal n√£o aconte√ßa! Fora isso deixa rolar! Pois j√° aconteceu de eu ser proibida de escrever a famosa palavra Luladr√£o! S√≥ t√¥ dizendo a verdade neh? O Sistema corrupto tem que ser banido pq elegeram um condenado! Meu Presidente sempre ser√° Bolsonaro üáßüá∑ E viva a liberdade de express√£o üëèüëèüëè
R_3lRAD3nIXsHkoLB,bra,"Speech against a group of people (a minority, for example), inciting violent actions against people","Discurso contra um grupo de pessoas (uma minoria, por exemplo), incitando a√ß√µes violentas contra pessoas"
R_1JWurUROfu2GJgh,bra,Hate Speech is a tool used to censor people.Freedom of expression must prevail.,Discurso de √≥dio √© uma ferramenta usada para censurar pessoas. A liberdade de express√£o deve prevalecer.
R_1Ld0SPOnBvX9VV8,bra,"Discourses that denigrate the image, social, political and religious beliefs or that in a way threaten people","Discursos que denigram a imagem, as cren√ßas sociais, politicas e religiosas ou que de certa forma ameacem pessoas"
R_e4BAVPW6xQSSwDv,bra,"Hate speech is something that attacks a person or group of people, minorities or not.Hate speech is not always necessarily a crime"," O discurso de √≥dio constitui em algo que ataca uma pessoa ou um grupo de pessoas, minorias ou n√£o. O discurso de √≥dio nem sempre necessariamente √© algum crime"
R_XhMjRerwmtgtdGF,bra,"Discourse against opinion, usually categorized by childish people who do not accept the opposite opinion","Discurso contra opini√£o, geralmente assim categorizado por pessoas infantilizadas que n√£o aceitam a opini√£o contr√°ria"
R_22PxdQJLn9GptTi,bra,"Speech that possibly incurred physical aggressions, slander about minority members (eg ""the LGBT movement supports pedophilia""), vandalism against minority ownership, hate gang formation, fascist and neo -Nazi propaganda distribution, actsof terrorism, coup attempts and genocide attempts to be popularized.","Discurso que possivelmente incorre em agress√µes f√≠sicas, cal√∫nia a respeito de membros de minorias (ex.: ""o movimento LGBT ap√≥ia a pedofilia""), vandalismo contra a propriedade de minorias, forma√ß√£o de gangues de √≥dio, distribui√ß√£o de propaganda fascista e neonazista, atos de terrorismo, tentativas de golpe de Estado e tentativas de genoc√≠dio ao ser popularizado."
R_1fefvgY2mMJ4DbE,bra,Extreme intolerance to a lifestyle or way of thinking specific (except for those who in essence encourage crimes or intolerance itself).,intoler√¢ncia extrema a um estilo de vida ou maneira de pensar espec√≠fica (exceto por aquelas que em sua ess√™ncia incentivam crimes ou a pr√≥pria intoler√¢ncia).
R_7PWgmCU4LKoTtOF,col,A speech that presents real threats and puts the safety of personias at risk,Un discurso que presente amenazas reales y ponga en riesgo la seguridad de las personias
R_3oSElutjTQIzWIi,col,direct threats.,amenazas directas.
R_31GfbwI4Vx8wBb3,col,Text that promotes physical violence against people or institutions.,Texto que promueve la violencia f√≠sica contra personas o instituciones.
R_2YXlNNm78pg3358,col,Disqualifying statements that even endanger the lives of people,Afirmaciones descalificadoras que inclusive ponen en peligro la vida de las personas
R_3MKlvLeizxFabXU,col,When it attacks other people for their way of thinking,Cuando ataca a las dem√°s personas por su forma de pensar
R_3kFgJLCf7A3WkCb,col,When it is attentive against the integrity of people.,Cuando se atenta contra la integridad de las personas.
R_31FUCfUZrVPhGwZ,col,When he is attacker at any point,Cuando es atacante ante cualquier punto
R_3kOeFTaMBaSye2D,col,The one who intends to do damage to the person or attentive to life,Aquel que pretende se realicen da√±os a la persona o atenten a la vida
R_2QyQsI8MR4H2b3D,col,Hate discourse is that unpleasant and disrespectful opinion on any subject,El discurso de odio es aquella desagradable e iirespetuosa opinion sobre cualquier tema
R_2YKwGbDiQCYaWSk,col,Threatening.,Amenazante.
R_2fkRcb61anjkXgD,col,Attack and aggression,Ataque y agresion
R_1jjJvI4vuaisMfI,col,That threatens people's physical and mental integrity.,Que stente con la integridad fusica y nental de las personas.
R_vZg7Kg2i8X5mwIp,col,"Aggressive, challenging, lacking ethics","Agresivo, desafiante, falto de √©tica"
R_32YisSIxLtUmu8x,col,"The one who despises opinions, positions or identities, and cries out for his violent extinction","Aquel que desprecia opiniones, posiciones o identidades, y clama por su extinci√≥n violenta"
R_ApqotnppDYckUIp,col,When he starts insulting and getting something personal,Cuando empienza a insultar y meterce con algo personal
R_bNn730lkJC2Q9m9,col,Manifestation of personal dissatisfaction,Manifestaci√≥n de una insatisfacci√≥n personal
R_3lKy5M5osvC8YVs,col,"When it is aggressive, threatening, use insulting words, rude, liars.","Cuando es agresivo, amenazante, usa palabras insultantes, groseras, mentirosas."
R_1dylHWScKQsgww6,col,It is done with the intention of damaging the other,Se hace con la intenci√≥n de da√±ar al otro
R_2tGtfDrpZoJtqoy,col,I don't know,No se
R_25WMh0k5qiwevsI,col,"I define it as a way of doing evil to the person, whether physical or psychologically.","Lo defino como una manera de hacer el mal a la persona, sea f√≠sica o sicol√≥gicamente."
R_302h5ilhXPKvQvp,col,Exclude and condemn punishment,Excluir y condenar a castigo
R_PvQFjKMlBRA9DEt,col,"It affects human dignity, looking for alternatives, non -destructive constructive criticisms.","Afecta la dignidad humana, buscar alternativas, criticas constructivas no destructivas."
R_xzUQdYQFLjjLJKh,col,The one who offends and manages the opinion of another directly.,El que ofende y agrede directamente la opini√≥n de otro.
R_2QzBvd6NxXIeD2B,col,I don't know how to do offensive speeches.,No s√© debe hacer discursos ofensivos.
R_XLO5xKQkgxZw2Z3,col,I better not think,Mejor no opino
R_4NuCKhiVRzsbXMJ,col,When the subject has a fixed look but baga,Cuando el sujeto tiene la mirada fija pero baga
R_3eruK7ZjRV7NpLD,col,When accusations or acts are made that invite irrational violence and without arguments.,Cuando se realizan acusaciones o actos que invitan a la violencia iracional y sin argumentos.
R_78P7ODOOZuVtjxf,col,Do not respect the opinion of others and with offncing words mention and insult you,No respetar la opini√≥n de los dem√°s y con palabras ofencibas te mencionan y te insultan
R_vGDaoYiiwUTugUN,col,In which expressions are used where bad or abuse things are desired,En el cual se usan expresiones donde secdesean cosas malas o de maltrato
R_3RvZmYou9G4Dpl4,col,As a speech against minorities.,Como un discurso en contra de las minor√≠as.
R_2BrGP0Tfe6l22sl,col,Hate discourse encourages others to take actions beyond respect for legal norms,El discurso de odio alienta a otros a tomar acciones m√°s all√° del respeto de normas legales
R_1jwECuXjCWT3iWG,col,An attack on the integrity of people,un atentado contra la integridad de las personas
R_1M0bbWOtXpGKlMZ,col,freedom of expression,livertad de espresion
R_3Pt0a6P1Zso75Kc,col,Invaluable,Invaluable
R_9SLu9SoBBlUog9P,col,What I think of what happens in the country or what I don't like,Lo que pienso de lo que pasa en el pa√≠s o lo que no me gusta
R_1qURGgTNrxpcGzI,col,"Message loaded with resentment, mockery, lack of empathy and respect.","Mensaje cargado de resentimiento, de burla, de falta de empat√≠a y de respeto."
R_1OIiU4X1MTzGMUc,col,A speech that is harmful towards the individual characteristics of others,Un discurso que es lesivo hacia las caracter√≠sticas individuales de los dem√°s
R_2Sdz3NGikNbCqgV,col,Something that is directed to another in a negative and harmful way.,Algo que vaya dirigido a otro de manera negativa y perjudicial.
R_2ydrM0CrgcVVyUl,col,He who does not respect the rights of the other.Whatever is offensive and unilateral,Aquel que no respeta los derechos del otro. Cualquiera que sea ofensivo y unilateral
R_AoC81HaUoHHD5dL,col,"Hate is synonymous with impotence, silence, abuse.","El odio es sin√≥nimo de impotencia,silencio,abuso."
R_2dhEOKVu1fNEk9K,col,A destructive discourse that implies emotionality in an acritic way obeying purely passionate impulses and without measuring the consequences that it can have on who receives it,Un discurso destructivo que implica la emocionalidad de manera acr√≠tica obedeciendo a impulsos puramente pasionales y sin medir las consecuencias que puede tener en quien lo recibe
R_reXgj9hzSMnwOOJ,col,"For me, a speech of hate is a message that encourages to attempt against the physical and mental integrity of other individuals, which promulgates rejection and discrimination against an individual because of their socio -economic, sex, gender, sexual orientation, ethnicity, nationality, nationality, nationality,aesthetics and among other things.However, it seems important to highlight that the healthy debate and constructive criticism of hate discourse are known, since this can be provided to censor even when you want to talk about issues with an intention for nothing destructive.","Para m√≠ un discurso de odi√≥ es un mensaje que incita a atentar contra la integridad f√≠sica y mental de otros individuos, que promulga el rechazo y la discriminaci√≥n hacia un individuo por su condici√≥n socioecon√≥mica, de sexo, g√©nero, orientaci√≥n sexual, etnia, nacionalidad, est√©tica y entre otras cosas. Sin embargo me parece importante destacar que se sepa diferenciar el debate sano y la cr√≠tica constructiva del discurso de odio, ya que √©sto se puede prestar para censurar a√∫n cuando se quiere hablar sobre temas con una intenci√≥n para nada destructiva."
R_zVcVCSJF6D8N9pT,col,"When the person verbally is assaulted, they violate their rights, and also threatens, but it continues or believes an opinion or belief.","Cuando se agrede a la persona verbalmente, vulneran sus derechos, y adem√°s se le amenaza sino opina, sigue o cree una opini√≥n o creencia."
R_2Sfx7Dthh9PNuue,col,It is a communication style that attacks or defends itself of constituted concepts and indoctrination. In large number of percentage by fanatic and rigid people. That lack an open mind and arranged to criticism or change. Very dogmatic.,"Es un estilo de comunicaci√≥n que ataca o se defiende de conceptos y adoctrinamientos ya constituidos.
En gran n√∫mero de porcentaje por personas fan√°ticas y r√≠gidas.
Que carecen de una mente abierta y dispuesta a la cr√≠tica o el cambio.
Muy dogm√°ticos."
R_2Vs8VXkDVIlfW9q,col,"Hate discourse is one that directly attacks the integrity of the person, violating what is as human being and incurring directly to their beliefs, origin, thoughts, etc.","El discurso de odio es aquel que ataca directamente la integridad de la persona, vulnerando lo que es como ser humano e incurriendo directamente a sus creencias, origen, pensamientos, etc"
R_3ivZVNzNq2ZmOKp,col,"When there is a direct discrimination to a specific person or race group either because of their political, sexual, religious preferences or by belonging to a special region by directing offensively, violent, or with verbal aggressions, or derogatory images","Cuando hay una discriminaci√≥n directa a un grupo espec√≠fico persona o raza ya sea por sus preferencias pol√≠ticas,sexuales, religiosas o por pertenecer a una regi√≥n en especial dirigi√©ndose de forma ofensiva,violenta,o con agresiones verbales,o im√°genes despectivas"
R_2BnsTUwpkUluyzE,col,"The one who attacks or mocks grotesque by rejecting other people for their religion, political ideas, nationality, skin color, sexual preferences ...","El que ataca o se burla de forma grotesca incitando a rechazar a otras personas por su religi√≥n, ideas pol√≠ticas, nacionalidad, color de piel, preferencias sexuales..."
R_3CUi61XwMdfZdLR,col,It is a speech in which the resentment towards a certain fact or situation leads to the promotion of animosity towards the pamper.,Es un discurso en el cual el rencor hacia determinado hecho o situaci√≥n lleva a que se promueva la animadversi√≥n hacia el mimo.
R_1jp7vkevLkqASCF,col,"When he is looking forward to the death of the person, for example, the example of the truck, that if it is really hateful, there are violent but they are not hate, only when the worst people are wished, it is hateful.","Cuando est√° deseando la muerte de la persona, por ejemplo, el ejemplo de la camioneta, ese si es realmente de odio, hay violentos pero no son de odio, solo cuando se le desea lo peor a la gente, es de odio."
R_sbQ9BFFLS411KWR,col,"The one who injures the identity of another in aspects such as race, socioeconomic stratum, gender, physical features, beliefs and ideology","Aquel que lesiona la identidad de otro en aspectos tales como raza, estrato socioecon√≥mico, g√©nero, rasgos f√≠sicos, creencias e ideolog√≠a"
R_sUnrJujnApoE1MZ,col,"It implies doing physical, psychological and/or moral damage to another by certain characteristics or life postures","Implica hacer da√±os f√≠sico, psicol√≥gico y/o moral a otro por determinadas caracter√≠sticas o posturas de vida"
R_9sFSZ6rApvVPN9T,col,Hate discourse is a speech that encourages to harm a person or community so they are,El discurso de odio es un discurso que insita a hacerle da√±o a una persona o comunidad por lo que son
R_BtA5WtnaN8Ie8QV,col,It is one that encourages the irrational rejection of others for the sole reason of not being similar to me.We must be clear that we all have the right to be different but that this difference is administered so that it does not offend others so that it is also respected.,Es aquel que incita al rechazo irracional de otros por la sola raz√≥n de no ser semejantes a mi. Debemos tener claro que todos tenemos derecho a ser diferentes pero que esa diferencia sea administrada de manera que no ofenda a los demas para que de igual forma sea respetada.
R_3PGGA7MDLpByr08,col,A hate speech is to give his opinion in disagreement and becoming offensive for the other person and sometimes out of place,un discurso de odio es dar su opini√≥n en desacuerdo y llegando a ser ofensivo par las demas persona y en ocasiones fuera de lugar
R_1K9J1MTPkTNlKOp,col,"Destructive criticism that threatens the life, dignity and security of people, animals and material constructions.","Critica destructiva que atenta contra la vida, dignidad y seguridad de las personas, animales y construcciones materiales."
R_3hG5mbNNPpZxqAP,col,Those who go directly to a person with very direct very direct words and tone ups,Aquellos que se dirigen directamente a una persona con palabras muy ofensivas muy directas y subidas de tono
R_23TXbsVIwQcZ6fB,col,Words that reflect the intention of harming or destroying the integrity or symbolism of a person or system.,Palabras que reflejen la intenci√≥n de hacer da√±o o destruir la integridad o simbolismo de una persona o sistema.
R_uh4vBkacbl7zlQt,col,Everyone has the right to express their thoughts within a framework of respect for others,Toda persona tiene el Derecho de expresar sus pensamientos dentro de un marco de respeto hacia los dem√°s
R_2sRNeARTygyy3SN,col,"The one who seeks to offend the other, relying on his own perception or argument, regardless of the emotional or social consequences that his message contains.","Aquel que busca ofender al otro, apoy√°ndose en su propia percepci√≥n o argumento, sin importar las consecuencias emocionales o sociales que contenga su mensaje."
R_3oGDqYmp9jPbTNo,col,"Speeches that intend to criminalize those who are different from them, by their gender, orientation or origin.Threats and signs","Discursos que pretenden criminalizar a los que son diferentes a ellos, por su g√©nero, orientaci√≥n u origen. Amenazas y se√±alamientos"
R_2y3gc47IIIW0cFq,col,"Offensive, oppressive, insulting speech, without respect, can be criticized but with respect, we do not always agree but we must tolerate.","Discurso ofensivo, opresivo, insultante,sin respeto, se puede criticar pero con respeto, no siempre estamos de acuerdo pero hay que tolerar."
R_3FUKPgpRwP0KUpO,col,"For me it is the one who threatens life, against security, against the integrity of a person, a group or a society.","Para mi es aquel que atenta contra la vida, contra la seguridad, contra la integridad de una persona, un colectivo o una sociedad."
R_1FrK8RF6LN4g9PY,col,Subtle threats and expressed against their religion their social status his political ideology can be expressed without disturbing the other the other is myself.,Amenazas sutiles y expresadas en contra de su religi√≥n su estatus social su ideolog√≠a pol√≠tica todo se puede expresar sin molestar al otro el otro es mi mismo.
R_12EcjpM1gPvXbXC,col,"When voluntarily attacks a person ridiculing, offending and being rude in some way.","Cuando voluntariamente ataca a una persona ridiculizando, ofendiendo y siendo grosero de alguna manera."
R_27Wljg9hHwVdfjL,col,"Use certain and punctual terms, phrases focused on misinforming, bullying in any circumstance.Languages and sectarian people that invite punishable behaviors should be restricted.Before addressing a social network, people must know their limitations, implicit responsibility must regulate the State as minimum requirements of social networks, freedom of expression must be subject to sanctions.If people incur in injury and slander disguising their freedom of expression, they must be educated, so that they relieve in spaces different from those of public access, promulgate lies must be a crime, a great crime, of Talanera, that people, before writing, transmit, manifest, think about it.Personally I do not read, I do not support, I do not listen to anything that promotes hatred, discrimination, misinformation.At this point in my life, distinguish and interpret messages and keep distance, with everything that is not assertive and not contribute to society, peaceful, ideal solutions.And I am very clear that everyone, we must assume the consequences of our behavior.","Usar t√©rminos determinados y puntuales, frases enfocadas a desinformar, bullying en cualquier circunstancia. Se deben restringir los lenguajes y personas sectarias que invitan a conductas punibles. Antes de abordar una red social, las personas deben conocer sus limitaciones, la responsabilidad impl√≠cita debe regularse del estado como requisitos m√≠nimos de funcionamiento de las redes sociales, la libertad de expresi√≥n debe estar sujeta a la SAN CONVIVENCIA. Si las personas incurren en injuria y calumnia disfrazando su libertad de expresi√≥n, pues deben ser EDUCADAS, para que desahoguen en espacios diferentes a los de acceso p√∫blico, promulgar mentiras debe ser un DELITO, GRAVISIMO, de talanera, que las personas, antes de escribir, transmitir, manifestar, lo piensen bien. Personalmente no leo, no apoyo, no escucho nada que promueva odio, discrimacion, desinformaci√≥n. A estas alturas de mi vida, se distinguir e interpretar mensajes y mantengo distancia, con todo aquello que no sea asertivo y no aporte a la sociedad, soluciones pac√≠ficas, id√≥neas. Y tengo muy claro que todos, debemos asumir las consecuencias de nuestra conducta."
R_2uWfjkG5lxccu1q,col,"Well, as something that is noticed that is said in order to offend or less prize the ideas or thought of someone",pues como algo que se note mucho que es dicho con el fin de ofender o menos preciar las ideas o el pensamiento de alguien
R_12M60dDzGmQbr72,col,That attempts against all personal verbal aggression and against animal human integrity or that constitutes nature or life in general.,Que atente contra toda agresi√≥n verbal personal y en contra de la integridad humana animal o que constituya a la naturaleza o vida en general.
R_1NfSQI9QVjBsKnt,col,Abuse people for their skin color and for their physique or for their work and also influence vocabulary respect first of all.,Maltrato a las personas por su color de piel y por su f√≠sico o por su trabajo y tambi√©n influyevsu vocabulario respeto ante todo.
R_3p5dAUhbFjC2Xae,col,"Precisely like that, all the phrases used are loaded with this feeling, hatred against another.They seek to hurt and harm the feelings of the attacked or those attacked.It contains real rejection and is very dangerous.","Precisamente como eso, todas las frases usadas est√°n cargadas de este sentimiento, el odio contra otro. Buscan herir y perjudicar los sentimientos del atacado o los atacados. Encierra verdadero rechazo y es muy peligroso."
R_264KDZFCIsvmtmH,col,"- When it encourages violence (physical or verbal) against the other. - When he encourages justice for his own hands - When directly or indirectly invites to kill or end the other - When words are clearly used to damage and offend the other without any empathy, respect or responsibility - When directly or indirectly the objective of the message is to feed the hatred against the other -When the private life of the other is violent to harm him When it is not an isolated or innocent opinion but clearly an invitation to act against the other to do physical damage, emotional damage, damage to your good name or any other damage","- Cuando incita a la violencia (f√≠sica o verbal) contra el otro.
- Cuando incita a tomar justicia por las propias manos
- Cuando de manera directa o indirecta invita a matar o terminar con el otro
- Cuando las palabras son claramente utilizadas para da√±ar y ofender al otro sin ning√∫n tipo de empat√≠a, respeto ni responsabilidad 
- Cuando directa o indirectamente el objetivo del mensaje es alimentar el odio en contra del otro
-Cuando se violenta la vida privada del otro para hacerle da√±o 
Cuando no es una opini√≥n aislada o inocente sino claramente una invitaci√≥n a actuar en contra del otro para hacerle da√±o f√≠sico, da√±o emocional, da√±o a su buen nombre o cualquier otro da√±o 
"
R_2xORHk4Kocd2co4,col,"Offensive, discriminatory, racist, political positions, teasing about the physicist and the cognitive abilities of people.Etc","Mensajes ofensivos, discriminatorios, racistas, posturas pol√≠ticas, burlas sobre el fisico y las capacidades cognitivas de las personasa. Etc"
R_3n2vMW0E5NXDQsV,col,"The one that is directed against an identity group defined by an immutable characteristic (skin color, religion, nationality, etc) and that calls for actions to be taken against him","Aquel que va dirigido contra un grupo identitario definido por una caracter√≠stica inmutable (color de piel, religi√≥n, nacionalidad, etc) y que llama a que se tomen acciones en su contra"
R_2B8M8KNLjIKzw9L,col,"A direct or indirect verbal attack on an idea or person, normally trying to show their feelings of hate about the idea or person in particular.","Un directo o indirecto ataque verbal sobre una idea o persona, tratando normalmente de hacer ver sus sentimientos de odio sobre la idea o persona en concreto."
R_3kzTJgLYnCzV5ZL,col,"Hate Speech, is one in which the dignity of a person directly is trampled, with soeses and vulgarities","Discurso de odio, es aquel en el que se pisotea la dignidad de una persona en forma directa, con palabras soeses y vulgaridades"
R_2xRBPoEBuTS1f2k,col,It is when the opinion of a person seriously injures the way of thinking of another or encourages physical or psychological aggression against other ususarians,Es cuando la opini√≥n de una persona lesiona gravemente la forma de pensar de otra o incita a la agresi√≥n f√≠sica o psicol√≥gica contra los dem√°s ususarios
R_2CCIouuD62dkQDP,col,"It is going beyond a simple opinion, expressing an idea with offensive words, which they denigrate, that others think they can also offend.","Es ir m√°s all√° de una simple opini√≥n, expresando una idea con palabras ofensivas, que denigren, que hagan que otros piensen que tambi√©n pueden ofender."
R_2s7riiA14DCiMXg,col,"He managed the fear by the media, when a religious or military educational social social social social issue is touched or discussed that affects the ruling classes in this country always until today","El manej√≥ del miedo por parte de los medios, cu√°ndo se toca o se discute un tema social pol√≠tico econ√≥mico educativo religioso o militar que afecte a las clases dominantes en este pa√≠s desde siempre hasta hoy"
R_SIBOSSqpYz34ybv,col,"An offensive expression aimed at a group or individual and that is based on inherent characteristics (such as race, religion or gender) and that can endanger social peace.","Una expresi√≥n ofensiva dirigido a un grupo o individuo y que se basa en caracter√≠sticas inherentes (como son la raza, la religi√≥n o el g√©nero) y que puede poner en peligro la paz social."
R_VUvs7MLOYw1hQ0F,col,"It does not exist, the people of today are all fragile and idiot and believe that everything is personal and if so they should stop crying for what they read on the Internet.","No existe, la gente de hoy d√≠a es toda fr√°gil e idiota y creen que todo es personal y si as√≠ lo fuera deber√≠an dejar de llorar por lo que leen en internet."
R_1X479d1HkYGSkKt,col,"People with hate speech. They are those who find it impossible to accept the difference against creed, political race or another way of thinking.Or simply express your opinion in the face of a current issue.","Las personas con discurso de odio .Son aquellas que les resulta imposible aceptar la diferencia frente a credo , raza pol√≠tica o otra forma de pensar . O simplemente expresar su opini√≥n frente a un tema de actualidad."
R_1FxLu9k5vB5TInZ,col,"Freedom: hate and love, each person expresses what he thinks, and everything lies in the person who receives discourse and his ability to assimilate","Libertad : odio y amor, cada persona expresa lo que piensa, y todo radica en la persona que que recibe el discurso y su capacidad de asimilaci√≥n"
R_3lQZhY7viYdhHn4,col,The left -handed left -hander of social networks such as Facebook and Twitter of extreme left narcoultra are the ones that most distil and then the victims are made.,Los zurdos de üí© censuradores de las redes sociales como facebook y Twitter de extrema narcoultra izquierda son los que m√°s destilan odi√≥ y luego se hacen las v√≠ctimas.üëç
R_1MMLLGrSPDK4RSD,col,"Hate discourse is an invention of the modification of the Constitution from the constituent of 1991 to steal the economic resources of the State, creating organized mafias and camouflaged in the name NGOs, which has given how the only results the segmentation of the country and theHate of classes, ... if there were no ""minority"" groups today we would be a single country and we would all be the same.But what we find is that minority groups have more rights than majority groups.And that is a serious mistake in a democracy!","El discurso de odio es un invento de la modificaci√≥n de la constituci√≥n a partir de la Constituyente de 1.991 para robarse los recursos econ√≥micos del Estado, creando mafias organizadas y camufladas en el nombre ONG, que ha dado c√≥mo √∫nico resultados la segmentaci√≥n del pa√≠s y el odio de clases,... Si no existieran grupos ""minoritarios"" hoy ser√≠amos un s√≥lo pa√≠s y todos ser√≠amos iguales. Pero lo que encontramos es que los grupos minoritarios tienen m√°s derechos que los grupos mayoritarios. Y eso es un grave error en una Democracia!"
R_1eWutRsY2cnEH0x,col,"A speech that offends the other in every way, with violent words, in which the welfare of the other is also threatened.","UN DSICURSO QUE OFENDE AL OTRO EN TODOS LOS SENTIDOS, CON PALABRAS VIOLENTAS, EN EL QUE ADEM√ÅS SE AMENAZA EL BIENESTAR DEL OTRO."
R_1jcX7OvH9lNCzHE,col,"The one who intends to force a person, to think to act and accept without the right to criticizes and freely express his opinion and position in as a particular subject.","Aquel que pretende obligar a una persona ,a pensar actuar y aceptar sin derecho a critica y expresar libremente su opini√≥n y postura en cu√°nto a un tema en particular."
R_ULuw1Zx9m2wLwbf,col,"A hate speech is that with offensive words that encourage discord and defamation of people, slander, as my president Uribe has been victim, many bad things have been said about him, but anything has never been proven,This shows that everything is a hate speech.","Un discurso de odio es aquel con palabras ofensivas que incitan a la discordia y a la difamaci√≥n de personas, a la calumnia, como del que ha sido v√≠ctima mi presidente Uribe, muchas cosas malas se han dicho de √©l, pero nunca se ha comprobado nada, esto demuestra que todo es un discurso de odio.
"
R_3emZMQ6FvJmT25J,pol,"Offends the views of others, their appearance, family, calls to abuse animals,","Obra≈ºa poglƒÖdy innych, ich wyglƒÖd, rodzinƒô, nawo≈Çuje do maltretowania zwierzƒÖt,"
R_27kZC0jHOfnwopN,pol,True.,prawda.
R_2zeScxwPvGHZ0KT,pol,Calling to any discrimination,Nawo≈Çywanie do jakiejkolwiek dyskryminacji
R_3rN8Yk6BFIrviUh,pol,"""It's not people is ideology"" - PiS",",,To nie ludzie to ideologia"" - pis"
R_3QW5pYZ7vK5D0J8,pol,Content encouraging people to harmful actions towards others or themselves.,Tre≈õci zachƒôcajƒÖce ludzi do szkodliwych dzia≈Ça≈Ñ wobec innych lub siebie.
R_9mlLZLzLrLZG0rn,pol,Insulting someone but it is an exaggerated statement,Obra≈ºanie kogo≈õ ale jest to wyolbrzymione stwierdzenia
R_723PipleFnkBRG9,pol,Speech in which hatred of a certain group of people is expressed.,"Mowa, w kt√≥rej wyra≈ºa siƒô nienawi≈õƒá do pewnej grupy os√≥b."
R_PTfXNxlIqY5OdPP,pol,Individual people writing potentially offensive phrases or opinions do not spread hate speech.,"
Pojedyncze osoby wypisujƒÖce potencjalnie obra≈∫liwe frazesy lub opinie, nie szerzƒÖ mowy nienawi≈õci."
R_2uPuMZwZvq76e7X,pol,Direct call for mental and physical harm to other entities.,Bezpo≈õrednie nawo≈Çywanie do wyrzƒÖdzania krzywdy psychicznej oraz fizycznej innym podmiotom.
R_3DnfcOKtb8PBHuR,pol,This is a call to perform criminal acts towards other people,To nawo≈Çywanie do pe≈Çnienia czyn√≥w karalnych wzglƒôdem innych os√≥b
R_1EXUYeczZlK45NH,pol,Speech depressing a given social group.,Mowa deprymujƒÖca danƒÖ grupƒô spo≈ÇecznƒÖ.
R_2rvaKaQoVkiy6Jr,pol,Rasimzm,Rasimzm
R_1Nkysku4eUqOjeg,pol,"calling to kill, beating, imprisoning someone, calling to war","nawo≈Çywanie do zabicia, pobicia, uwiƒôzienia kogo≈õ, nawo≈Çywanie do wojny"
R_1pVVUa2r6ZArOFB,pol,Popieluszko Huj,popieluszko huj
R_2P09vl7om5sbEvI,pol,such a speech in which you hate yourself,taka mowa w kt√≥rej siƒô nienawidzi
R_1BVpU4FSONhwW30,pol,A statement that shows the signs of contempt or hatred towards the group/individual,Wypowied≈∫ kt√≥ra wykazuje znaki pogardy bƒÖd≈∫ nienawi≈õci wobec grupy/jednostki
R_3sgC5DCE5rc5eBl,pol,"Hate speech are any offensive words, threats or mocking.","Mowa nienawi≈õci to jakiekolwiek s≈Çowa obra≈∫liwe, gro≈∫by lub wyszydzanie."
R_yDB1stW2ZmNv3k5,pol,"Unjustified hostility/disgust/hatred for a given group as a whole, expressed in words","Nieuzasadniona wrogo≈õƒá/obrzydzenie/nienawi≈õƒá do danej grupy jako ca≈Ço≈õci, wyra≈ºana s≈Çowami"
R_pubvTf5mbAXUubL,pol,Persuading and convincing in strength to your opinion in an aggressive way,Namawianie i przekonywanie na sile do swojej opinii w agresywny spos√≥b
R_2yfp5fDZBC1kwOv,pol,The invention of people who cannot cope with criticism,Wymys≈Ç ludzi kt√≥rzy nie umiejƒÖ radzic sobie z krytykƒÖ
R_XwgylvrrWevsdNv,pol,"Discrimination, threats","Dyskryminacja, zagro≈ºenia"
R_2eORKvqNb0pCRUv,pol,Polish extermination camps,Polskie obozy zag≈Çady
R_22LmoM3t540awFv,pol,idk,idk
R_24tIsso5ZAYSwzP,pol,Does not exist,Nie istnieje
R_1PdBBrcQ88dIWvf,pol,The offensive determination of someone because of some of his often impossible feature.,Obra≈∫liwe okre≈õlanie kogo≈õ ze wzglƒôdu na jakƒÖ≈õ jego czƒôsto niemo≈ºliwƒÖ do zmiany cechƒô.
R_10wtrO1nlZOjvlD,pol,Calling to violence literally (this is not a joke or hyperbola),Nawo≈Çywanie do przemocy w spos√≥b dos≈Çowny (nie jest to ≈ºart ani hiperbola)
R_27PBXXwrY9LY8LV,pol,"A new -wing leftist element, which aims to criminalize statements and punishment for words.","Element lewackiej nowomowy, kt√≥rego celem jest kryminalizacja wypowiedzi i karanie za s≈Çowa."
R_1jjO3V3NhR4B6xU,pol,There is nothing like that.This invent those who offend everything.,nie ma czegos takiego. to wymysl tych ktorych wszystko obraza.
R_27xwW8dz0EYxELu,pol,Insulting and criticizing a person with different views,Obra≈ºanie i krytykowanie osoby o innych poglƒÖdach
R_b9GzJtN53sh0wSt,pol,"Calling to violence, social exclusion or dehumanization of people or groups.","Nawo≈Çywanie do przemocy, wykluczenia spo≈Çecznego lub dehumanizacja os√≥b lub grup."
R_242cToQ5S28391B,pol,Statements that promote or call for discrimination against a specific group of people,Stwierdzenia kt√≥re promujƒÖ albo nawo≈ÇujƒÖ do dyskryminacji konkretnej grupy ludzi
R_3F53864nrvCeDIv,pol,"The offensive, often vulgar content, not allowing alternative solutions.","Obra≈∫liwa, czƒôsto wulgarna tre≈õƒá, nie dopuszczajƒÖcƒÖ alternatywnych rozwiƒÖza≈Ñ."
R_2uPuS0ShcqSCdqX,pol,Not ironic persuasion of people to commit acts of aggression towards specific people or groups of people,Nie ironiczne namawianie ludzi do pope≈Çniania akt√≥w agresji wobec konkretnych ludzi czy grup ludzi
R_27vZo2S5zZPOWN8,pol,"Calling to/wish of death, persecution, attacks towards man","Nawo≈Çywanie do/≈ºyczenie ≈õmierci, prze≈õladowa≈Ñ, atak√≥w w stronƒô cz≈Çowieka"
R_2q3QzrBNBaCnax2,pol,Speech calling to ignore the other party and stigmatizing them as worse or threatening them.,Mowa nawo≈ÇujƒÖca do ignorowania drugiej strony oraz piƒôtnujƒÖca ich jako gorszych lub gro≈ºenie im.
R_29anzDMeukm2fai,pol,Calling to actively hurt a given group,Nawo≈Çywanie do aktywnego krzywdzenia danej grupy
R_21Bv5TRBFTax64Y,pol,"Insults, invectives, urging to violence","Obelgi, inwektywy, namawianie do przemocy"
R_3kyKF2kmKXz1cyR,pol,Calling for direct harm to a person/group of people for some reason.,"Nawo≈Çywanie do wyrzƒÖdzenia bezpo≈õredniej krzywdy danej osobie/grupie ludzi z jakiego≈õ powodu. 
"
R_3MoI6vdvTaXoErG,pol,Phrases calling for aggression or violence against others,Zwroty nawo≈ÇujƒÖce do agresji czy przemocy wobec innych
R_2xxH6pKcUKjNqkf,pol,"insulting others, making fun, discrimination","obra≈ºanie innych, wy≈õmiewanie, dyskryminacja"
R_3gO4ml0eQjIIRj3,pol,Hate,Hejt
R_410MaDjNJgjAjqp,pol,Threatening or calling to commit a crime against a person/group/organization.,Gro≈ºenie lub nawo≈Çywanie do pope≈Çnienia przestƒôpstwa wzglƒôdem osoby/grupy/organizacji.
R_ZJkTNl0UlKtBqAV,pol,Ataki to the person,Ataki ad personam
R_22xgb7LStf96Xzd,pol,"Insults, insulting due to age, gender, race, texts calling for violence","Wyzwiska, obra≈ºanie ze wzglƒôdu na wiek, p≈Çeƒá, rasƒô, teksty nawo≈ÇujƒÖce do przemocy"
R_3qW0pmI7Bx4noO7,pol,Urging hatred towards all people from the attacked person group,Nak≈Çanianie do nienawi≈õci wobec wszystkich os√≥b z grupy osoby atakowanej
R_2wpEfhb4U0hqL81,pol,Every direct attack on another person without knowing the situation.No familiarization with the topic.,Ka≈ºdy bezpo≈õredni Atak na drugiego cz≈Çowieka bez poznania sytuacji. Brak zapoznania siƒô z tematem.
R_3PX0IjvThe9dc6N,pol,"Racism, religious intolerance.Intolerance of disabled people","Rasizm,nietolerancja religijna. Nietolerancja os√≥b niepe≈Çnosprawnych"
R_3nphNTvZlG2xdJq,pol,Notorious harassment of someone or some social group,Notoryczne nƒôkanie kogo≈õ lub jakiej≈õ grupy spo≈Çecznej
R_3G6yVCdbURi3s3h,pol,Direct threat and humiliation of people in a serious way,Bezpo≈õrednie gro≈ºenie i poni≈ºanie os√≥b w powa≈ºny spos√≥b
R_OpVMpBAvIFIvOY9,pol,Threatening health or life,Zagra≈ºajƒÖcƒÖ zdrowiu lub ≈ºyciu
R_bp9DPjhy4Sq1rKp,pol,"Insulting, incurring","Obra≈ºanie, ponizanie"
R_OcxRq3QJtNJXFpT,pol,Hate speech calls for material damage.,Mowa nienawi≈õci nawo≈Çuje do szk√≥d materialnych.
R_2YVYUg7liYJU69Q,pol,"Mockery, urging to hurt others, vulgarisms","Szyderstwo, nak≈Çanianie do krzywdzenia innych, wulgaryzmy"
R_3hGgqsLuzxfbkx0,pol,Threats or calling for harm.,Gro≈∫by albo nawo≈Çywanie do wyrzƒÖdzenia krzywdy.
R_2f72066Bdp4i1bJ,pol,"""Hate speech"" is a concept that is a tool for political discourse.","""Mowa nienawi≈õci"" to pojƒôcie bƒôdƒÖce narzƒôdziem dyskursu politycznego."
R_26avKLys0pZUwS2,pol,"- refers to a specific person or group, not a specific content presented (""you are stupid"" or ""x are stupid"", but not ""what you wrote here is stupid things"") - he is insulting or calls for unlawful actions towards these people (""I do not want any refugees in Poland"" is not hatred; ""pour them into the forest, after all they are bored"")","- odnosi siƒô do konkretnej osoby lub grupy, a nie konkretnej przedstawionej tre≈õci (""jeste≈õ g≈Çupi"" lub ""X sƒÖ g≈Çupi"", ale nie ""to co tu napisa≈Çe≈õ to g≈Çupoty"")
- jest obel≈ºywa albo wzywa do bezprawnych dzia≈Ça≈Ñ wzglƒôdem tych os√≥b (""nie chcƒô w Polsce ≈ºadnych uchod≈∫c√≥w"" nie jest mowƒÖ nienawi≈õci; ""wywalaƒá ich do lasu, w ko≈Ñcu siƒô znudzƒÖ"" jest)
"
R_24lbMBRft9rUv3e,pol,"The hate speech explicitly calls for punishable acts towards another person - threats, calling for aggression etc.Most often on a racial, cultural or religious background.","Mowa nienawi≈õci jawnie nawo≈Çuje do karalnych akt√≥w wobec drugiej osoby - gro≈∫by, nawo≈Çywanie do agresji etc. najczƒô≈õciej na tle rasowym, kulturowym czy religijnym."
R_12MsRQOkJOZyJ2i,pol,"With hate speech, I determine the expressions/phrases that are in a nutshell to offend/diminish someone.In my opinion, freedom of speech is something that should not be limited due to the fact that this may cause the opposite of the effects than originally assumed (the government controlling this freedom could use it for their own purposes, as is still happening in the third world countries or in the postSoviet block).To be well understood, I would like to mention that freedom of speech should be regulated by social media owners closely cooperating with law enforcement agencies, which would in practice mean legal responsibility for their words, especially those who explicitly napped to hatred for another person or violence.An additional method of preventing this would be to control people who in the past have already been punished for the same or similar offenses.","MowƒÖ nienawi≈õci okre≈õlam wyra≈ºenia/sformu≈Çowania, kt√≥re w wielkim skr√≥cie majƒÖ kogo≈õ obraziƒá/umniejszyƒá. Moim zdaniem wolno≈õƒá s≈Çowa jest czym≈õ, czego nie powinno siƒô ograniczaƒá z uwagi i≈º mo≈ºe to wywo≈Çaƒá wrƒôcz przeciwnie skutki, ni≈º pierwotnie zak≈Çadano(rzƒÖd kontrolujƒÖcy tƒÖ wolno≈õƒá m√≥g≈Çby u≈ºywaƒá tego do w≈Çasnych cel√≥w, tak jak dzieje siƒô to wciƒÖ≈º w krajach trzeciego ≈õwiata lub w post sowieckim bloku). Aby zostaƒá dobrze zrozumianym, pragnƒô nadmieniƒá i≈º wolno≈õƒá s≈Çowa powinna niemniej byƒá regulowana przez w≈Ça≈õcicieli medi√≥w spo≈Çeczno≈õciowych ≈õci≈õle wsp√≥≈ÇpracujƒÖcych z organami ≈õcigania, co oznacza≈Ço by w praktyce odpowiedzialno≈õƒá prawnƒÖ za swoje s≈Çowa, zw≈Çaszcza te nawo≈ÇujƒÖce jawnie do nienawi≈õci do drugiej osoby lub przemocy. DodatkowƒÖ metodƒÖ zapobieganiu temu by≈Çoby kontrolowanie przez jaki≈õ organ prawny os√≥b, kt√≥re w przesz≈Ço≈õci by≈Çy ju≈º ju≈º karane za te same lub podobne wykroczenia."
R_1dMPlBH8JCnqPXL,pol,"Disrespect for the other person.You can talk, comment that this is not your view, but mocking and making fun in my opinion is hate speech.I consider the same hate speech to encourage other people to defile others.","Brak szacunku wobec drugiej osoby. Mo≈ºna rozmawiaƒá, skomentowaƒá, ≈ºe to nie Tw√≥j poglƒÖd, ale szydzenie i wy≈õmiewanie moim zdaniem jest mowƒÖ nienawi≈õci. Tak samo uwa≈ºam za mowƒô nienawi≈õci nak≈Çanianie innych os√≥b do szkalowania innych."
R_3nqmfpr5a3THkg9,pol,Hate speech is an invention of people with leftist views.It is a convenient tool that allows you to censor uncomfortable opinions.,Mowa nienawi≈õci to wymys≈Ç ludzi o lewicowych poglƒÖdach. Stanowi wygodne narzƒôdzie pozwalajƒÖce na cenzurowanie niewygodnych opinii.
R_SW4ssFEXXn4xBq9,pol,"Hate speech is a form of message that calls for taming, total suppression of another person by others","Mowa nienawi≈õci, to forma przekazu kt√≥ra nawo≈Çuje do gardzenia, totalnego st≈Çamszenia drugiej osoby przez innych"
R_VVbHT8zL8Qjtn7H,pol,"Calling for contempt and hatred and violence against data of persons based on their ethnic, national and/or religious affiliation as well as sexual orientation, sexual identity and/or disability.","Nawo≈Çywanie do pogardy i nienawi≈õci oraz przemocy wobec danych os√≥b w oparciu o ich przynale≈ºno≈õƒá etnicznƒÖ, narodowƒÖ i/lub religijnƒÖ oraz orientacjƒô seksualnƒÖ, to≈ºsamo≈õƒá p≈ÇciowƒÖ i/lub niepe≈Çnosprawno≈õƒá."
R_2zqlt5B7S0KwS6w,pol,"Expressing sharp opinions about a group of people or a specific person not because of his actions or behavior, but because of the race, confession of sexual orientation or appearance.Of course, it is also the use of racist, vulgar, degrading, threats, mocking, etc.","Wyra≈ºanie ostrych opinii o grupie ludzi bƒÖd≈∫ konkretnym cz≈Çowieku nie ≈ºe wzglƒôdu na jego czyny czy zachowania , ale ≈ºe wzglƒôdu na rasƒô , wyznanie orientacjƒô seksualnƒÖ czy wyglƒÖd. Oczywi≈õcie jest to te≈º u≈ºywanie opinii rasistowskich , wulgarnych , poni≈ºajƒÖcych , miotanie gr√≥≈∫b , wyszydzanie itp"
R_25L9P1ayA4P1qPb,pol,The call to violence against groups not navigating violence and nationality not leading aggressive wars.,Nawo≈Çywanie do przemocy wobec grup nie nawolyjacych do przemocy oraz narodowo≈õci nie prowadzƒÖcych agresywnych wojen.
R_21upDw3MakpHIjx,pol,"Word attacking and aggression towards another person for views or opinions, without giving arguments that a person may be wrong.","S≈Çowne atakowanie i agresja wobec drugiej osoby za poglƒÖdy lub opinie, bez podawania argument√≥w ≈õwiadczƒÖcych, ≈ºe dana osoba mo≈ºe siƒô myliƒá."
R_Dc4l8SaoWFNzqfv,pol,"Hate speech is a subjective feeling that everyone uses as they want, when he doesn't like what the other side says.It's not the same as harassment, calling for violence, persecution","Mowa nienawi≈õci to subiektywne odczucie, kt√≥re ka≈ºdy wykorzystuje jak chce, kiedy nie podoba mu siƒô co m√≥wi druga strona. To nie to samo co nƒôkanie, nawo≈Çywanie do przemocy, prze≈õladowanie"
R_p0rPU3GUNqplm5b,pol,"Hate speech is an active call to physical and mental assault, which is a real threat to health and life.Due to the multiplicity of the definition of mental assault, it is a quintessence problem in the creation of human harm and the very definition of hate speech resulting from the differences in every person's sensitivity.Therefore, my definition can be reduced to physical assault because actions should be taken here and now.","Mowa nienawi≈õci stanowi czynne nawo≈Çywanie do napa≈õci fizycznej tudzie≈º psychicznej, kt√≥ra stanowi realne zagro≈ºenie dla zdrowia i ≈ºycia. Ze wzglƒôdu na wielorako≈õƒá definicji napa≈õci psychicznej stanowi ona kwintesencyjny problem w stanowieniu krzywdy cz≈Çowieka i samej definicji mowy nienawi≈õci wynikajƒÖcej z r√≥≈ºnic wra≈ºliwo≈õci ka≈ºdego cz≈Çowieka. W zwiƒÖzku z tym moja definicja mo≈ºe zostaƒá zredukowana do napa≈õci fizycznej, poniewa≈º dzia≈Çania powinny byƒá podjƒôte tu i teraz."
R_2fxlWz040DsmnkO,pol,"This term is used for political manipulation, let's not go crazy.The fact that someone will challenge someone on the Internet should not mean anything in people's lives and should be educated about it.Because if it means it is something wrong with them.","Ten termin s≈Çu≈ºy do politycznej manipulacji, nie dajmy siƒô zwariowaƒá. To ≈ºe kogo≈õ kto≈õ wyzwie w internecie nie powinno nic znaczyƒá w ≈ºyciach ludzi i nale≈ºy ich o tym edukowaƒá. Bo je≈õli znaczy to z nimi jest co≈õ nie tak."
R_OGMxfWlYziwOvxn,pol,"Calling for exclusion, zohydration and stigmatization.Open calling for murder, exile or elimination from social life.","Nawo≈Çywanie do wykluczenia, zohydzanie i stygmatyzowanie. Otwarte nawo≈Çywanie do zab√≥jstwa, wygnania czy eliminacji z ≈ºycia spo≈Çecznego."
R_20U9CqxEMsgrdwA,pol,This term is senseless and empty.Used mainly by those who have a different opinion from mine and do not accept my views.,"Okre≈õlenie te jest bezsensowne i puste. U≈ºywane g≈Ç√≥wnie przez tych, kt√≥rzy majƒÖ inne zdanie od mojego i nie akceptujƒÖ moich poglƒÖd√≥w."
R_3dHemh8h28sDmG2,pol,"For me, hate speech is the usual spreading of unpleasant/harmful words for the other person or what is worse.",MowƒÖ nienawi≈õci jest dla mnie zwyk≈Çe szerzenie przykrych/krzywdzƒÖcych dla drugiej osoby s≈Ç√≥w lub co gorzej czyn√≥w.
R_2uUt1z4YIhCYCMr,pol,"In my opinion, it is difficult to define the thing that is perceived in a subjective way.For some, the post may be funny, neutral for others, and for others hurting. I would define hate speech as words that are intended to offend someone, violate his sense of security or make fun of them. Although not.I would give it only as one of the hate speech criteria. I'm not sure how you can define Mn","Wed≈Çug mnie trudno jest zdefiniowaƒá rzecz, kt√≥ra odbierana jest w spos√≥b subiektywny. Dla niekt√≥rych post mo≈ºe byƒá ≈õmieszny, dla innych neutralny, a dla innych raniƒÖcy. 
Mowƒô nienawi≈õci zdefiniowa≈Çabym jako s≈Çowa, kt√≥re majƒÖ na celu kogo≈õ uraziƒá, naruszyƒá jego poczucie bezpiecze≈Ñstwa lub wy≈õmiaƒá.
Chocia≈º nie. To poda≈Çabym tylko jako jedno z kryteri√≥w mowy nienawi≈õci. 
Nie jestem pewna jak mo≈ºna MN zdefiniowaƒá"
R_2CNdBqTWUCYYfig,pol,"The speech of hatred is all forms of racial, religious and gender or sexual identity prejudices.It is also, for example, disseminating hatred towards doctors fighting Covid-19.In addition, it is, of course, a call to hurt someone, throwing him out of the country, etc.","MowƒÖ nienawi≈õci sƒÖ wszelkie formy uprzedze≈Ñ rasowych, religijnych oraz dotyczƒÖcych p≈Çci lub to≈ºsamo≈õci p≈Çciowej. Jest niƒÖ tak≈ºe np. rozpowszechnianie nienawi≈õci wobec lekarzy walczƒÖcych z COVID-19. Poza tym jest to oczywi≈õcie nawo≈Çywanie do zrobienia komu≈õ krzywdy, wyrzucenia go z kraju itp."
R_31NTqD1BLa1WtA1,pol,"It is very difficult to define.Certain behaviors can be immediately attributed to a reprehensible narrative, they are certain ""only controversial"" and they meet with oversensitivity.","Bardzo trudno to zdefiniowaƒá. Pewne zachowania da siƒô od razu przypisaƒá do nagannej narracji, pewne sƒÖ ""tylko kontrowersyjne"" a pewne spotykajƒÖ z przewra≈ºliwieniem."
R_vDfQH1dLhnRpBv3,pol,"Aggressive statements aimed at wounding / discredited / humiliating / introducing a sense of danger / isolation of a person, groups, institutions, e.g. personal attacks not supported by arguments, insults, harassment, encouraging others to crime at the facility of statements, persuading to suicide or self -mutilation","Agresywne wypowiedzi, kt√≥rych celem jest zranienie / zdyskredytowanie / poni≈ºenie / wprowadzenie w poczucie zagro≈ºenia / izolacja osoby, grupy, instytucji np. ataki personalne nie poparte argumentami, obelgi, napastowanie, zachƒôcanie innych do przestƒôpstwa na obiekcie wypowiedzi, namawianie do samob√≥jstwa lub samookaleczenia"
R_qDzaCciC9mmyaat,pol,"The wish of death, mocking, insulting, humiliation, lying about another person to take him.","≈ªyczenie ≈õmierci, szydzenie, ubli≈ºanie, poni≈ºanie, k≈Çamanie na temat innej osoby, ≈ºeby jƒÖ zdeskrydetowac."
R_22xMMxl9c1Uy0dA,pol,Something that personally attacks a person and defines it in a negative way with vulgar words or calls to hurt or kill,Co≈õ co osobi≈õcie atakuje osobƒô i definiuje ja w negatywny spos√≥b za pomocƒÖ wulgarnych s≈Ç√≥w lub nawo≈Çuje do jej zranienia lub zabicia
R_3KUazYOpAf7q4vM,pol,"Hate speech is a speech that calls for, subordinates to mental or physical violence in relation to a given person or a group of people.","Mowa nienawi≈õci to mowa, kt√≥ra nawo≈Çuje, podrzega do psychicznej lub fizycznej przemocy w stosunku do danej osoby lub grupy os√≥b."
R_3oXjvH5Pm9NvDBB,pol,"Serious insulting (e.g. ""garbage""), receiving the right to life and functioning in society, threatening death, beating, harassment, rape","Powa≈ºne obra≈ºanie (np. ""≈õmieƒá""), odbieranie prawa do ≈ºycia i funkcjonowania w spo≈Çecze≈Ñstwie, gro≈ºenie ≈õmierciƒÖ, pobiciem, nƒôkaniem, gwa≈Çtem"
R_1igir7LQZj6U1VY,pol,speech to dehumanize units and groups and call for not grants universal rights and obligations,mowa majƒÖca odcz≈Çowieczaƒá jednostki i grupy i nawo≈Çywaƒá do nieprzyznawania im powszechnych praw i obowiƒÖzk√≥w
R_3dRFlJRXuw8AepO,pol,"Expressing your opinion in an uncultural and offensive way, discriminatory views, e.g. racism, sexism, etc.","Wyra≈ºanie swojej opinii w niekulturalny i obra≈∫liwy spos√≥b, poglƒÖdy dyskryminujƒÖce np. rasizm, seksizm itd."
R_2R24Q7AHqgea1UM,pol,Hate speech is statements calling for violence against a specific group of people or striking her dignity or attributing its features of a clearly negative character.,Mowa nienawi≈õci to wypowiedzi nawo≈ÇujƒÖce do przemocy wobec okre≈õlonej grupy os√≥b lub urƒÖgajce jej godno≈õci albo przypisujƒÖce jej cechy o nacechowaniu wyra≈∫nie negatywnym.
R_09rX9WhfqsXu9l7,pol,"It is a call for persecution of social groups of communities or individuals, it is not an ordinary ad personam.","Jest to nawo≈Çywanie do prze≈õladowa≈Ñ danych grup spo≈Çecznych spo≈Çeczno≈õci bƒÖd≈∫ jednostek, nie jest to zwyk≈Çe ad personam."
R_2PtiX7BI0D7yVy3,pol,"Public and privately sent threats relating to origin, skin color, religion, sex, sexual orientation.Public lynching and ridicule on forums or social media.Intent Bodyshaming, public revelation of personal data to hinder the life of the other person.","Publicznie i prywatnie wysy≈Çane gro≈∫by odnoszƒÖce siƒô do pochodzenia,koloru sk√≥ry,religii,p≈Çci,orientacji seksualnej. Publiczny lincz i o≈õmieszanie na forach czy mediach spo≈Çeczno≈õciowych. Intencyjny bodyshaming,publiczne wyjawianie danych personalnych w celu utrudnienia ≈ºycia drugiej osobie."
R_3fYO7YlkYPKr3Sg,pol,"Dehumanization, calling to murder, something that objectively by most people is considered hateful.","Dehumanizowanie, nawo≈Çywanie do morderstwa, co≈õ co obiektywnie przez wiƒôkszo≈õƒá ludzi jest uznawane za nienawistne."
R_3IYm2OzcClcRM3Z,pol,"Personally, I would define 'hate speech' as denying dignity to other people for any reason.",Osobi≈õcie zdefiniowa≈Çabym 'mowƒô nienawi≈õci' jako odmawianie godno≈õci drugiemu cz≈Çowiekowi z jakiegokolwiek powodu.
R_OqwEiE9Fsu2NyUh,pol,"Hate speech urges action, orders and arouses aggressions and the need to impose their own justice.","Mowa nienawi≈õci namawia do dzia≈Çania, nakazuje i wzbudza w ludziach agresje i potrzebƒô wymierzenia w≈Çasnej sprawiedliwo≈õci."
R_CeQ6iuBmAq0bnrP,pol,"Hate speech is a direct penetration for violence, persecution and taking radline actions to the minorities.Occurs only when the words are sofaed, unjustified threats on the racial, sexual background, etc. Hate speech is therefore not to mock someone character traits or appearance","Mowa nienawi≈õci to bezpo≈õrednie nawol6wanie do przemocy, prze≈õladowa≈Ñ oraz podejmowania radyklanych dzia≈Ça≈Ñ wobec mniejszo≈õci.  Wystƒôpuje jedynie wtedy gdy s≈Çowa zaiwrraja bezpodstawne gro≈∫by na tle rasowym, p≈Çciowym itp. Mowa nienawi≈õci zatem nie jest szydzenie z czyi≈õ  cech charakteru bƒÖd≈∫ wyglƒÖdu"
R_Asuk8Ltp6nhgKNX,pol,Hate speech is a call to reluctance or aggression to a group or a person based on false beliefs or stereotypes,Mowa nienawi≈õci to nawo≈Çywanie do niechƒôci bƒÖd≈∫ agresji do grupy lub osoby na podstawie fa≈Çszywych przekona≈Ñ lub stereotyp√≥w
R_1jIkJ8ZRfuBWEa6,pol,"There is no such thing as hate speech.We are only us.Gray people who want them to be noticed among hundreds of thousands of other gray people, but in the sheer volume of information we are able to catch and remember only extremes and extreme statements.""Hate speech"" is a side product of human consciousness that is unable to cope with a million shades of gray and, if not wanting, it portions reality on ""white"" and ""black"".","Nie ma czego≈õ takiego jak mowa nienawi≈õci. Jeste≈õmy tylko my. Szarzy ludzie kt√≥rzy chcƒÖ ≈ºeby ich zauwa≈ºono po≈õr√≥d setek tysiƒôcy innych szarych ludzi, ale w nat≈Çoku informacji jeste≈õmy w stanie wy≈Çapaƒá i zapamiƒôtaƒá jedynie skrajno≈õci i skrajne wypowiedzi. ""Mowa nienawi≈õci"" jest produktem ubocznym ≈õwiadomo≈õci ludzkiej kt√≥ra nie jest w stanie sobiƒô poradziƒá z milionem odcieni koloru szarego i chcƒÖc nie chcƒÖc porcjuje rzeczywisto≈õƒá na ""bia≈Çe"" i ""czarne""."
R_8BPN9FR8rT29WRb,pol,"All in all, it makes me laugh that people are offended if someone writes on the internet.The term ""hate speech"" is definitely abused in these times, moreover, not only it.","W sumie ≈õmieszy mnie, ≈ºe ludzie obra≈ºajƒÖ siƒô jak kto≈õ co≈õ napisze w internecie. Okre≈õlenie ""mowa nienawi≈õci"" jest zdecydowanie nadu≈ºywane w tych czasach, zresztƒÖ nie tylko ono."
R_3m8mNZLfBTEDP5m,pol,I consider hate speech to be a construct with blurred limits used to limit freedom of speech and opinions.,Uwa≈ºam mowƒô nienawi≈õci za konstrukt o rozmytych granicach s≈Çu≈ºƒÖcy do ograniczania wolno≈õci s≈Çowa i opinii.
R_3qrGmrhbVPchNsb,pol,"Speech, which, especially when it becomes widely repeated, entails someone's harm - either through physical attacks or by discrimination.","Mowa, kt√≥ra szczeg√≥lnie wtedy, gdy staje siƒô powszechnie powtarzana, pociƒÖga za sobƒÖ czyjƒÖ≈õ krzywdƒô ‚Äì albo przez fizyczne ataki, albo przez dyskryminacjƒô."
R_6R51mKGxFLHsaaZ,pol,"There is no such thing as hate speech, it is simply a fancy term for all statements that do not agree with the views of people for whom mayonnaise is spicy","Nie istnieje co≈õ takiego jak mowa nienawi≈õci, jest to po prostu fiku≈õne okre≈õlenie wszystkich wypowiedzi kt√≥re nie zgadzajƒÖ siƒô z poglƒÖdami ludzi dla kt√≥rych majonez jest pikantny"
R_2XbQFHxcaqlRgOJ,pol,"The person does not present his own position, but uses profanity directly towards a person from whom he does not agree.","Osoba nie przedstawia w≈Çasnego stanowiska tylko u≈ºywa wulgaryzm√≥w bezpo≈õrednio wobec osoby, z kt√≥rej stanowiskiem siƒô nie zgadza."
R_OD3ZjGuXwt2FmuJ,pol,"Most of the presented statements did not have the status of hate speech for me.Only one statement had such a character, because it called for aggression and expressed reluctance to a specific group.In my opinion, hate speech must have a strong component of ""hate""- call for crimes a different group.Calling someone stupid, ugly ect. There is no hatred.","Wiƒôkszo≈õƒá prezentowanych wypowiedzi nie mia≈Ço dla mnie statusu mowy nienawi≈õci. Tylko jedna wypowied≈∫ mia≈Ça taki charakter, bo nawo≈Çywa≈Ça do agresji i wyra≈ºa≈Ça niechƒôƒá do specyficznej grupy. Wed≈Çug mnie, mowa nienawi≈õci musi mieƒá silnƒÖ komponentƒô ""nienawi≈õci""- nawo≈Çywaƒá do przestƒôpstw wzgl demo innej grupy. Nazwanie kto≈õ g≈Çupim, brzydkim ect. Nie jest mowa nienawi≈õci."
R_2sRPMcp4oU5rx6u,pol,"For me, hate speech is an active call for violence.Simple jokes, black humor or right -wing opinions are not hate.","Dla mnie mowa nienawi≈õci to aktywne nawo≈Çywanie do przemocy. Proste ≈ºarty, czarny humor, czy prawicowe opinie to nie mowa nienawi≈õci."
R_2ysI5MaALAj5twa,pol,"Every kind of ridicule of people because of the skin color, political views, sexual preferences, etc.","Ka≈ºdy rodzaj wy≈õmiewania siƒô z ludzi ze  wzglƒôdu na kolor sk√≥ry, poglƒÖdy polityczne, preferencje seksualne itp"
R_3EtEU3Fadrmg1iE,pol,"There is no such thing as hate speech.You can be a bad and mean man, but the term ""hate speech"" is the politicized buzzword meaning everything that is uncomfortable for the party.","Nie ma czego≈õ takiego jak mowa nienawi≈õci. Mo≈ºna byƒá z≈Çym i wrednym cz≈Çowiekiem, ale okre≈õlenie ""mowy nienawi≈õci"" to upolityczniony buzzword oznaczajƒÖcy wszystko co jest niewygodne dla partii."
R_3oQQrAcCNHRs7Lr,pol,"Calling for violence against specific people or groups, as well as mental violence and insulting people and their features (but not behavior)","Nawo≈Çywanie do przemocy wobec konkretnych os√≥b czy grup, a tak≈ºe przemoc psychiczna i zniewa≈ºanie os√≥b i ich cech (ale nie zachowa≈Ñ)"
R_3ENoigllIvSeE8r,pol,"Hate speech is a too popular term that serves everything and the fight against religion.It is worth noting that in the examples it was ""right -wingers"" that had bad answers, and the leftists were good. It was the left. It was the left. It was a victim. To talk about hatred, it should be emphasized that the left also often attacks the right, ""it's a pity that someone doesn'tHe scraped out. ""I just remember as part of justice.In my opinion, hate speech is a call to physical and mental aggression against individuals/groups and insulting them.It is also a hypocrisy of light from both sides.This does not apply to minorities or most.This applies to everyone without exception.","Mowa nienawi≈õci jest to zbyt popularne okre≈õlenie kt√≥re s≈Çu≈ºy wszystkiemu i walkƒÖ z religiƒÖ. Warto zauwa≈ºyƒá, ≈ºe w podanych przyk≈Çadach to w≈Ça≈õnie ,, prawicowcy"" mieli ≈∫le odpowiedzi, a lewicowcy te dobre. To lewica by≈Ça ofiarƒÖ. ≈ªeby m√≥wiƒá o m√≥wiƒô nienawi≈õci, trzeba podkre≈õliƒá, ≈ºe czƒôsto lewica te≈º atakuje prawicƒô ,,szkoda, ≈ºe ciƒô kto≈õ nie wyskroba≈Ç"". Tak tylko wspominam w ramach sprawiedliwo≈õci. Mowa nienawi≈õci to wed≈Çug mnie nawo≈Çywanie do fizycznej i psychicznej agresji przeciwko jednostkom/grupom oraz ich obra≈ºanie. To tak≈ºe zak≈Çamanie ≈õwiat≈Ça z OBYDWU stron. To nie dotyczy mniejszo≈õci, ani wiƒôkszo≈õci. To dotyczy wszystkich bez wyjƒÖtku."
R_2zpxNTKcSMmt2E7,pol,"Calling to violence, restriction of liberty or threatening with violence or other measurable activities.","Nawo≈Çywanie do przemocy, ograniczenia wolno≈õci lub gro≈ºenie przemocƒÖ lub innymi wymiernymi dzia≈Çaniami."
R_3nkmr5L15azOOdc,pol,I think about hate speech as an active speaking person content that they offer self -mutilation or suicide,My≈õle o mowie nienawi≈õci jako aktywnym m√≥wieniu osobie tre≈õci kt√≥re proponujƒÖ mu samookaleczenie bƒÖd≈∫ samob√≥jstwo
R_SJG6vlmdr6Epo3L,pol,As an invention of leftists to introduce limitations of freedom of speech.The approach taken straight from totalitarian ideologies.,Jako wymys≈Ç lewak√≥w by wprowadzaƒá ograniczanie wolno≈õci s≈Çowa. Podej≈õcie wziƒôte wprost z totalitarnych ideologii.
R_33eZaYqd0z4DShC,pol,"Offending others for their views, calling for violence, promoting fascism and sexual deviations (pedophilia, zoophilia).","Obra≈ºanie innych za ich poglƒÖdy, nawo≈Çywanie do przemocy, promowanie faszyzmu i dewiacji seksualnych (pedofilia, zoofilia)."
R_8v9BKD4D3jK4hDH,pol,"Telling women raising children that they are lazy cows who do not want to do and home chickens are hate speech currently promoted by world managers, accepted by Facebook and others.This hate speech is presented as a speech for the love of poor women oppressed by motherhood, so that they abandon these unfashionable and disgusting classes.And the population will decrease .... but don't ride these children.","M√≥wienie kobietom wychowujƒÖcym dzieci, ≈ºe sƒÖ leniwymi krowami kt√≥rym siƒô robiƒá nie chce i kurami domowymi to promowana aktualnie przez zarzƒÖdc√≥w ≈õwiata mowa nienawi≈õci, akceptowana przez Facebook i innych. Ta mowa nienawi≈õci jest przedstawiana jako mowa z mi≈Ço≈õci do biednych kobiet uciskanych przez macierzy≈Ñstwo , ≈ºeby porzuci≈Çy te niemodne i obrzydliwe zajƒôcia. A zaludnienie siƒô zmniejszy....tylko nie rod≈∫cie tych dzieci."
R_AGPr3zz07H6rWjn,pol,"For me, hate speech is every incitement to hurt someone.Everyone has their own opinion, on a given topics and should not prohibit the speech on every issue, and the other party should in an intelligent way 9b present their arguments","Dla mnie mowƒÖ nienawi≈õci jest ka≈ºde pod≈ºeganie do wyrzƒÖdzenia komu≈õ krzywdy. Ka≈ºdy ma swoje zdanie, na dane tematy i nie powinno zabraniaƒá siƒô wypowiadania w ka≈ºdej kwestii, a druga strona powinna w inteligentny sposil9b przedstawiƒá swoje racje"
R_2b3gAXYxeEbxHPK,idn,"Attack and threaten physically, SARA and political views","Menyerang dan mengancam secara fisik, SARA dan pandangan politik"
R_2txmsjQw1c3pHew,idn,Make other people provoked,Membuat orang lain terprovokasi
R_3sBOfVS5LYBJePq,idn,Expressions of hatred towards individuals / groups,Ungkapan kebencian terhadap individu / Kelompok
R_1roA7VANwRyhMH5,idn,"Utterance of hatred is a statement that drops ethnicity, race, certain religion","Ujaran kebencian adalah pernyataan yang menjatuhkan suku, ras, agama tertentu"
R_3rP4Qd5cVAYPr6k,idn,Everyone is free to argue.As long as it does not harm others,Semua orang bebas berpendapat. Selama tidak merugikan orang lain
R_3nip2pOP0q51XBj,idn,Degrading the dignity of the other,Merendahkan martabat pihak lain
R_3nDzseRHfinqSs0,idn,Anti -expressions of other people's beliefs,Ungkapan anti terhadap keyakinan orang lain
R_UXuUyKALmE9mOfT,idn,"The hate speech is simple: 1. offending SARA, 2. Attacking Personal.","Ujaran kebencian itu sederhana: 1. menyinggung SARA, 2. Menyerang personal."
R_239wS245kaGvR8k,idn,A writing that threatens and insults people,Suatu tulisan yang mengancam dan menghina orang
R_3p9fKdgmTFghJ6k,idn,is the freedom that must be limited,merupakn kebebasan yang harus dibatasi
R_3qmlZsQZL535192,idn,No comment,No comment
R_3FUQzkDajVC8Tjy,idn,No,Tidak
